"Paragraf, Hovedområde, Aktivitetsområde, Hovedkonto, Underkonto";"2012";"2013";"2014";"2015";"2016";"2017" 
"06 Udenrigsministeriet "; -372,7; -300,0; -135,0; -160,0; -135,0; -135,0
"061 Udenrigstjenesten mv. "; -372,7; -300,0; -135,0; -160,0; -135,0; -135,0
"0611 Udenrigstjenesten mv. "; -372,7; -300,0; -135,0; -160,0; -135,0; -135,0
"061106 Renteindtægt af diverse tilgodehavender "; -22,7; -25,0; -10,0; -10,0; -10,0; -10,0
"06110610 Renteindtægt af diverse tilgodehavender "; -22,7; -25,0; -10,0; -10,0; -10,0; -10,0
"061121 Udlodninger fra IØ og IFU "; -350,0; -275,0; -125,0; -150,0; -125,0; -125,0
"06112110 Udlodninger fra IØ og IFU "; -350,0; -275,0; -125,0; -150,0; -125,0; -125,0
"07 Finansministeriet "; -1633,3; -1572,3; -804,1; -804,1; -804,1; -804,1
"071 Offentlig økonomi "; -1633,3; -1572,3; -804,1; -804,1; -804,1; -804,1
"0715 Statslige selskaber "; -1633,3; -1572,3; -804,1; -804,1; -804,1; -804,1
"071501 Udbytte fra statslige selskaber "; -1571,0; -1539,3; -777,6; -777,6; -777,6; -777,6
"07150110 Udbytte mv. "; -1571,0; -1539,3; -777,6; -777,6; -777,6; -777,6
"071502 Salgsindtægter "; -29,4; 0,0; 0,0; 0,0; 0,0; 0,0
"07150220 Aktieselskabet Stekua i Likvidation "; -29,4; 0,0; 0,0; 0,0; 0,0; 0,0
"071505 Indt. fra Danske Spils overskud i Grønland "; -33,0; -33,0; -26,5; -26,5; -26,5; -26,5
"07150510 Indt. fra Danske Spils overskud fra Grønland "; -33,0; -33,0; -26,5; -26,5; -26,5; -26,5
"08 Erhvervs- og Vækstministeriet "; -2021,1; -3621,8; -1526,0; -1079,6; -1766,6; -2258,6
"082 Erhvervsregulering "; -2020,6; -3616,2; -1523,0; -1076,6; -1763,6; -2255,6
"0821 Erhvervsreg. og forbrugerbeskyttelse "; -436,2; -380,1; -383,6; -383,6; -343,6; -343,6
"082126 Frekvensauktioner "; -288,1; -215,9; -214,2; -214,2; -174,2; -174,2
"08212610 3G-auktion "; -40,0; -40,5; -40,0; -40,0; 0,0; 0,0
"08212620 2,5 GHz-auktion "; -248,2; -101,5; -100,3; -100,3; -100,3; -100,3
"08212640 800 MHz-auktion "; 0,0; -73,9; -73,9; -73,9; -73,9; -73,9
"082127 Frekvens- og nummerafgifter "; -148,1; -164,2; -169,4; -169,4; -169,4; -169,4
"08212710 Frekvens- og nummerafgifter "; -148,1; -164,2; -169,4; -169,4; -169,4; -169,4
"0823 Finansielt tilsyn "; -1034,4; -300,0; -100,0; -50,0; -50,0; -50,0
"082306 Indtægter fra Bankpakken og Kreditpakken "; -1034,4; -300,0; -100,0; -50,0; -50,0; -50,0
"08230615 Provision af individuelle garantier "; -1034,4; -300,0; -100,0; -50,0; -50,0; -50,0
"0825 Nordsøfonden mv. "; -550,0; -2936,1; -1039,4; -643,0; -1370,0; -1862,0
"082503 Udbytte fra Nordsøfonden "; -550,0; -2936,1; -1039,4; -643,0; -1370,0; -1862,0
"08250310 Udbytte "; -550,0; -2936,1; -1039,4; -643,0; -1370,0; -1862,0
"087 Søfart "; -0,6; -5,6; -3,0; -3,0; -3,0; -3,0
"0871 Søfart "; -0,6; -5,6; -3,0; -3,0; -3,0; -3,0
"087103 Registreringsafgift for skibe "; -0,6; -5,6; -3,0; -3,0; -3,0; -3,0
"08710310 Registreringsafgift for fritidsfartøjer "; -0,5; -0,1; 0,0; 0,0; 0,0; 0,0
"08710320 Gebyr ifm. udskrifter fra Skibsregisteret "; -0,1; -0,1; -0,1; -0,1; -0,1; -0,1
"08710330 Registreringsafgift for skibe "; 0,0; -5,4; -2,9; -2,9; -2,9; -2,9
"09 Skatteministeriet "; -1510,9; -1399,4; -1485,5; -1495,5; -1505,5; -1515,5
"091 Fællesudgifter "; -19,7; -18,4; -15,4; -15,4; -15,4; -15,4
"0911 Centralstyrelsen "; -19,7; -18,4; -15,4; -15,4; -15,4; -15,4
"091121 Klagegebyr "; -1,7; -1,2; -1,2; -1,2; -1,2; -1,2
"09112110 Klagegebyr "; -1,7; -1,2; -1,2; -1,2; -1,2; -1,2
"091161 Renter "; -17,9; -17,2; -14,2; -14,2; -14,2; -14,2
"09116110 Renter "; -0,2; -0,2; -0,2; -0,2; -0,2; -0,2
"09116130 Renteindtægter og udbytter "; -17,7; -17,0; -14,0; -14,0; -14,0; -14,0
"092 Forvaltning "; -1491,3; -1381,0; -1470,1; -1480,1; -1490,1; -1500,1
"0921 Skatte- og afgiftsforvaltning "; -1100,3; -1056,0; -1075,1; -1075,1; -1075,1; -1075,1
"092103 Gebyrer, retsafgifter mv. "; -1100,3; -1056,0; -1075,1; -1075,1; -1075,1; -1075,1
"09210310 Bøder, konfiskation, gebyrer "; -27,7; -25,0; -25,0; -25,0; -25,0; -25,0
"09210320 Gebyrer og formålsbestemte afgifter "; -5,1; -9,0; -5,1; -5,1; -5,1; -5,1
"09210340 Gebyrer på motorområdet "; -784,0; -797,0; -820,0; -820,0; -820,0; -820,0
"09210350 Gebyrer på inddrivelsesområdet "; -283,6; -225,0; -225,0; -225,0; -225,0; -225,0
"0922 Finansforvaltning "; -390,9; -325,0; -395,0; -405,0; -415,0; -425,0
"092215 Personlige fordringer "; -390,9; -325,0; -395,0; -405,0; -415,0; -425,0
"09221530 Personlige fordringer "; -390,9; -325,0; -395,0; -405,0; -415,0; -425,0
"10 Økonomi- og Indenrigsministeriet "; -8,7; -8,0; -8,0; -8,0; -8,0; -8,0
"101 Fællesudgifter "; -8,7; -8,0; -8,0; -8,0; -8,0; -8,0
"1013 Statsforvaltning "; -8,7; -8,0; -8,0; -8,0; -8,0; -8,0
"101305 Gebyrordninger for Statsforvaltning "; -8,7; -8,0; -8,0; -8,0; -8,0; -8,0
"10130510 Gebyr for skilsmissebevillinger "; -8,7; -8,0; -8,0; -8,0; -8,0; -8,0
"11 Justitsministeriet "; -2800,1; -2990,0; -2618,9; -3183,9; -3183,9; -3183,9
"112 Politivæsenet "; -2088,3; -2255,0; -2133,9; -2698,9; -2698,9; -2698,9
"1123 Politi "; -2088,3; -2255,0; -2133,9; -2698,9; -2698,9; -2698,9
"112302 Bøder, park.afg., kørekort mv. "; -1980,5; -2150,0; -2026,0; -2591,0; -2591,0; -2591,0
"11230210 Bøder, konfiskationer og gebyrer "; -1980,5; -2150,0; -1993,0; -2558,0; -2558,0; -2558,0
"11230220 Offerfonden "; 0,0; 0,0; -33,0; -33,0; -33,0; -33,0
"112307 Kommunal parkeringskontrol "; -107,9; -105,0; -107,9; -107,9; -107,9; -107,9
"11230710 Parkeringskontrol "; -107,9; -105,0; -107,9; -107,9; -107,9; -107,9
"114 Retsvæsenet "; -711,8; -735,0; -485,0; -485,0; -485,0; -485,0
"1143 Sagsindtægter "; -711,8; -735,0; -485,0; -485,0; -485,0; -485,0
"114301 Retsafgifter mv. "; -475,9; -485,0; -485,0; -485,0; -485,0; -485,0
"11430110 Retsafgifter mv. "; -475,9; -485,0; -485,0; -485,0; -485,0; -485,0
"114302 Indtægter ved EDB i tinglysningen "; -235,9; -250,0; 0,0; 0,0; 0,0; 0,0
"11430250 EDB i tinglysningen "; -235,9; -250,0; 0,0; 0,0; 0,0; 0,0
"17 Beskæftigelsesministeriet "; -12799,4; -12120,9; -11923,4; -11885,5; -11846,2; -11798,5
"172 Arbejdsmiljø "; -117,5; -111,0; -118,3; -118,3; -118,3; -118,3
"1722 Arbejdsmarkedets parters arbejdsmiljøindsats "; -117,0; -108,2; -117,3; -117,3; -117,3; -117,3
"172201 Partsindsatsen, jf. # 68 i arbejdsmiljøloven "; -108,9; -99,0; -108,1; -108,1; -108,1; -108,1
"17220110 45 mio.kr.-bidraget, jf. # 68, (arb.miljølov)"; -45,0; -45,0; -45,0; -45,0; -45,0; -45,0
"17220120 2 %-bidraget, jf. # 68, stk. 3 (arb.miljølov)"; -62,5; -52,6; -61,7; -61,7; -61,7; -61,7
"17220130 Beskæft.min. bidrag, jf. #68, (arb.m.lov) "; -1,4; -1,4; -1,4; -1,4; -1,4; -1,4
"172212 Sekretariat for Arbejdsmiljørådet "; 1,6; 0,0; 0,0; 0,0; 0,0; 0,0
"17221210 Sekretariat for Arbejdsmiljørådet "; 1,6; 0,0; 0,0; 0,0; 0,0; 0,0
"172213 Udvikling og forsøg, AMR "; -0,1; 0,0; 0,0; 0,0; 0,0; 0,0
"17221320 Arbejdsmiljørådets udviklingsmidler "; -0,1; 0,0; 0,0; 0,0; 0,0; 0,0
"172214 Videncenter "; -9,6; -9,2; -9,2; -9,2; -9,2; -9,2
"17221410 Videncenter "; -6,6; -5,2; -5,2; -5,2; -5,2; -5,2
"17221490 Indtægtsdækket virksomhed "; -3,0; -4,0; -4,0; -4,0; -4,0; -4,0
"1723 Arbejdsskader og erstatninger "; -0,5; -2,8; -1,0; -1,0; -1,0; -1,0
"172315 Administrative bøder ved mangl. forsikring "; -0,5; -2,8; -1,0; -1,0; -1,0; -1,0
"17231510 Administrative bøder ved mangl. forsikring "; -0,5; -2,8; -1,0; -1,0; -1,0; -1,0
"173 Arbejdsmarkedsrelateret forsørgelse "; -12675,6; -12004,9; -11800,1; -11762,2; -11722,9; -11675,2
"1731 Fællesudgifter "; -12675,6; -12004,9; -11800,1; -11762,2; -11722,9; -11675,2
"173151 Medlemsbidrag fra arbejdsløshedskasser "; -12177,5; -11543,2; -11261,8; -11232,6; -11193,3; -11145,6
"17315110 Medlemsbidrag fra arbejdsløshedskasser "; -12177,5; -11543,2; -11261,8; -11232,6; -11193,3; -11145,6
"173155 Forsikringsordninger vedrørende sygedagpenge "; -498,0; -461,7; -538,3; -529,6; -529,6; -529,6
"17315510 Bidrag fra frivilligt forsikrede "; -149,1; -122,2; -158,6; -154,9; -154,9; -154,9
"17315520 Bidrag fra forsikrede mindre arbejdsgivere "; -349,0; -339,5; -379,7; -374,7; -374,7; -374,7
"174 Arbejdsmarkedsservice "; -6,3; -5,0; -5,0; -5,0; -5,0; -5,0
"1741 Fællesudgifter "; -6,3; -5,0; -5,0; -5,0; -5,0; -5,0
"174141 Renter "; -6,3; -5,0; -5,0; -5,0; -5,0; -5,0
"17414110 Arbejdsløshedskasser "; -5,8; -4,0; -4,0; -4,0; -4,0; -4,0
"17414120 Øvrige ministerområde "; -0,5; -1,0; -1,0; -1,0; -1,0; -1,0
"19 Uddannelses- og Forskningsministeriet "; -19,4; -20,7; -20,1; -20,6; -21,1; -21,1
"198 Støtteordninger "; -19,4; -20,7; -20,1; -20,6; -21,1; -21,1
"1981 Statens uddannelsesstøtte "; -19,4; -20,7; -20,1; -20,6; -21,1; -21,1
"198113 Forrentning af øvrig lånevirksomhed "; -19,4; -20,7; -20,1; -20,6; -21,1; -21,1
"19811315 Renter af statslån "; -19,4; -20,7; -20,1; -20,6; -21,1; -21,1
"20 Undervisningsministeriet "; -1,8; -4,2; -1,9; -1,9; -1,9; -1,9
"209 Støtteordninger mv. "; -1,8; -4,2; -1,9; -1,9; -1,9; -1,9
"2093 Støtteordninger for voksne "; -1,8; -4,2; -1,9; -1,9; -1,9; -1,9
"209329 ATP-bidrag for modtagere af VEU-godtgørelse "; -1,8; -4,2; -1,9; -1,9; -1,9; -1,9
"20932920 Bidrag fra a-kasser "; -0,7; -1,9; -0,8; -0,8; -0,8; -0,8
"20932930 Indbetaling fra arbejdsgivere "; -1,0; -2,3; -1,1; -1,1; -1,1; -1,1
"21 Kulturministeriet "; -23,0; -23,0; 0,0; 0,0; 0,0; 0,0
"218 Radio og tv "; -23,0; -23,0; 0,0; 0,0; 0,0; 0,0
"2181 Radio og tv "; -23,0; -23,0; 0,0; 0,0; 0,0; 0,0
"218125 Analoge FM-sendemuligheder, salg af "; -23,0; -23,0; 0,0; 0,0; 0,0; 0,0
"21812510 Femte landsdækkende FM-radiokanal "; -23,0; -23,0; 0,0; 0,0; 0,0; 0,0
"23 Miljøministeriet "; -27,4; -32,0; -23,0; -51,0; -64,1; -87,0
"231 Fællesudgifter "; -0,8; -1,0; -1,0; -1,0; -1,0; -1,0
"2311 Centralstyrelsen "; -0,8; -1,0; -1,0; -1,0; -1,0; -1,0
"231113 Klagesagsgebyrer "; -0,8; -1,0; -1,0; -1,0; -1,0; -1,0
"23111310 Klagesagsgebyr, Natur- og Miljøklagenævnet "; -0,8; -1,0; -1,0; -1,0; -1,0; -1,0
"232 Miljøbeskyttelse "; 0,0; 0,0; 0,0; -26,0; -37,1; -56,0
"2323 Indsamlingsordninger, miljømærkeordninger mv. "; 0,0; 0,0; 0,0; -26,0; -37,1; -56,0
"232308 Indtægtsført pant "; 0,0; 0,0; 0,0; -26,0; -37,1; -56,0
"23230810 Indtægtsført pant "; 0,0; 0,0; 0,0; -26,0; -37,1; -56,0
"239 Kort og geodata "; -26,6; -31,0; -22,0; -24,0; -26,0; -30,0
"2391 Kort og geodata "; -26,6; -31,0; -22,0; -24,0; -26,0; -30,0
"239102 Udstykningsafgift "; -26,6; -31,0; -22,0; -24,0; -26,0; -30,0
"23910210 Udstykningsafgift, L 42 1998 "; -26,6; -31,0; -22,0; -24,0; -26,0; -30,0
"24 Fødevareministeriet "; -0,2; -0,4; -0,4; -0,4; -0,4; -0,4
"242 Generelle jordbrugs- og fiskeriforhold mv. "; -0,2; -0,4; -0,4; -0,4; -0,4; -0,4
"2421 Fællesudgifter inden for jordbrug og fiskeri "; -0,2; -0,4; -0,4; -0,4; -0,4; -0,4
"242106 Renter "; -0,2; -0,4; -0,4; -0,4; -0,4; -0,4
"24210610 Renter vedr. jordfordelingsaktiviteter "; 0,0; -0,1; -0,1; -0,1; -0,1; -0,1
"24210630 Renter vedrørende tilskudsforvaltningen "; -0,2; -0,2; -0,2; -0,2; -0,2; -0,2
"24210640 Øvrige renter "; 0,0; -0,1; -0,1; -0,1; -0,1; -0,1
"28 Transportministeriet "; -127,5; -241,8; -976,6; -960,4; -960,4; -960,4
"281 Fællesudgifter "; -123,7; -229,8; -951,6; -935,4; -935,4; -935,4
"2811 Centralstyrelsen "; -123,7; -229,8; -951,6; -935,4; -935,4; -935,4
"281166 Aktieudbytte mv. "; -121,2; -229,8; -951,6; -935,4; -935,4; -935,4
"28116640 Udbytte fra Posten Norden AB "; -121,2; -121,3; -41,5; -35,4; -35,4; -35,4
"28116660 Udbytte fra DSB og DSB S-tog A/S "; 0,0; -108,5; 0,0; 0,0; 0,0; 0,0
"28116665 Renteprovision vedr. statsgaranti til DSB "; 0,0; 0,0; -10,1; 0,0; 0,0; 0,0
"28116670 Udbytte fra Sund og Bælt A/S "; 0,0; 0,0; -900,0; -900,0; -900,0; -900,0
"281167 Salg af statslige aktiver "; -2,5; 0,0; 0,0; 0,0; 0,0; 0,0
"28116750 Overdragelse af statshavne "; -2,5; 0,0; 0,0; 0,0; 0,0; 0,0
"285 Trafik "; -3,8; -12,0; -25,0; -25,0; -25,0; -25,0
"2851 Trafikstyrelsen "; -3,8; -12,0; -25,0; -25,0; -25,0; -25,0
"285109 Administartive bøder ifm. manglende syn mv. "; -3,8; -12,0; -25,0; -25,0; -25,0; -25,0
"28510910 Administrative bøder "; -3,8; -12,0; -25,0; -25,0; -25,0; -25,0
"29 Klima-, Energi- og Bygningsministeriet "; -5896,3; -1521,1; -488,4; -543,0; -585,6; -636,2
"292 Energi "; -5896,3; -1521,1; -488,4; -543,0; -585,6; -636,2
"2921 Fællesudgifter "; -12,3; -1133,3; -478,9; -535,9; -578,6; -629,2
"292104 Salg af CO2-kvoter "; -8,0; -1128,9; -474,4; -535,9; -578,6; -629,2
"29210420 Salg af CO2-kvoter 2008-2012 "; 0,0; -144,9; 0,0; 0,0; 0,0; 0,0
"29210430 Salg af CO2-kvoter 2013-2020 "; -8,0; -984,0; -474,4; -535,9; -578,6; -629,2
"292106 Salg af CO2-kreditter "; -4,3; -4,4; -4,5; 0,0; 0,0; 0,0
"29210610 Salg af CO2 kreditter (Grønland) "; -4,3; -4,4; -4,5; 0,0; 0,0; 0,0
"2923 Efterforskning og indvinding af energi m.m. "; -5884,1; -387,8; -9,5; -7,1; -7,0; -7,0
"292301 Koncessionsafgifter mv. "; -1,6; -2,1; -1,5; 0,0; 0,0; 0,0
"29230110 Koncessionsafgifter mv. "; -1,6; -2,1; -1,5; 0,0; 0,0; 0,0
"292302 Olierørledningsafgift mv. "; -1336,7; -378,7; 0,0; 0,0; 0,0; 0,0
"29230210 Olierørledningsafgift mv. "; -1008,8; -3,5; 0,0; 0,0; 0,0; 0,0
"29230220 Dispensationsafgift "; -327,9; -375,2; 0,0; 0,0; 0,0; 0,0
"292303 Gebyrindtægter i forbindelse med udbudsrunder "; -0,4; -0,5; -1,5; -0,6; -0,5; -0,5
"29230310 Gebyrindtægter i forbindelse med udbudsrunder"; -0,4; -0,5; -1,5; -0,6; -0,5; -0,5
"292304 Oversk. v. statsdel. i Nordsøakt. "; -4539,7; 0,0; 0,0; 0,0; 0,0; 0,0
"29230410 Oversk.del. v. statsdel. i Nordsøaktiviteter "; -4539,7; 0,0; 0,0; 0,0; 0,0; 0,0
"292306 Koncessionsafgift fra Akzo Nobel Salt A/S "; -5,6; -6,5; -6,5; -6,5; -6,5; -6,5
"29230610 Koncessionsafgift fra Akzo Nobel A/S "; -5,6; -6,5; -6,5; -6,5; -6,5; -6,5
"35 Generelle reserver "; 0,0; 0,0; -200,0; 0,0; 0,0; 0,0
"351 Reserver mv. "; 0,0; 0,0; -200,0; 0,0; 0,0; 0,0
"3511 Reserver mv. "; 0,0; 0,0; -200,0; 0,0; 0,0; 0,0
"351123 Ændrede skøn mv. for statens indtægter "; 0,0; 0,0; 0,0; 0,0; 0,0; 0,0
"35112310 Udbytte fra Nordsøfonden "; 0,0; 0,0; 0,0; 0,0; 0,0; 0,0
"35112320 Salg af CO2-kvoter "; 0,0; 0,0; 0,0; 0,0; 0,0; 0,0
"35112330 Provision af individuelle garantier "; 0,0; 0,0; 0,0; 0,0; 0,0; 0,0
"351129 Indtægter fra Arbejdsmarkedets Feriefond "; 0,0; 0,0; -200,0; 0,0; 0,0; 0,0
"35112910 Indtægter fra Arbejdsmarkedets Feriefond "; 0,0; 0,0; -200,0; 0,0; 0,0; 0,0
"37 Renter "; -22647,6; -19570,9; -15511,0; 0,0; 0,0; 0,0
"372 Mellemværende m. National-, Hypotekbanken m.v "; -4697,2; -4637,0; -3581,6; 0,0; 0,0; 0,0
"3721 Mellemværende med Danmarks Nationalbank "; -2557,3; -2473,6; -1400,0; 0,0; 0,0; 0,0
"372101 Renter, Nationalbanken "; -218,8; -150,0; 0,0; 0,0; 0,0; 0,0
"37210110 Renter af statens mellemværende med DN "; -218,8; -150,0; 0,0; 0,0; 0,0; 0,0
"372102 Overskud fra Danmarks Nationalbank "; -2338,5; -2323,6; -1400,0; 0,0; 0,0; 0,0
"37210210 Overskud fra Danmarks Nationalbank "; -2338,5; -2323,6; -1400,0; 0,0; 0,0; 0,0
"3723 Fællesstatslige mellemværender "; -2140,0; -2163,4; -2181,6; 0,0; 0,0; 0,0
"372301 Fællesstatslige mellemværender "; -0,1; -2,0; -2,0; 0,0; 0,0; 0,0
"37230110 Renteindtægt af statslige pengeinstitutkonti "; -0,1; -2,0; -2,0; 0,0; 0,0; 0,0
"372302 Renter vedr. inkonverterbare realkreditlån,ØS "; -8,5; -9,4; -7,5; 0,0; 0,0; 0,0
"37230220 Renteindtægter vedr. obligationer "; -8,5; -9,4; -7,5; 0,0; 0,0; 0,0
"372303 SKB/OBS, pengeformid., selvstændig likviditet "; -2131,3; -2152,0; -2172,1; 0,0; 0,0; 0,0
"37230310 Finansministeriets renter vedr. inst. m. S.L."; 0,0; -2,0; -2,0; 0,0; 0,0; 0,0
"37230315 Finansministeriets renter vedr selvstændig li"; -772,6; -800,0; -800,0; 0,0; 0,0; 0,0
"37230330 Finansministeriets renter vedr. drift ejend.v"; -1358,7; -1350,0; -1370,1; 0,0; 0,0; 0,0
"37230355 Administration af SKB/OBS "; 0,0; 0,0; 0,0; 0,0; 0,0; 0,0
"375 Fonde "; -8474,9; -5858,8; -5276,6; 0,0; 0,0; 0,0
"3751 Den sociale pensionsfond "; -6663,9; -5089,8; -4562,5; 0,0; 0,0; 0,0
"375101 Driftsbudget "; -6663,9; -5089,8; -4562,5; 0,0; 0,0; 0,0
"37510140 Modtagne renter "; -4643,8; -3818,9; -3524,2; 0,0; 0,0; 0,0
"37510150 Periodiserede renter "; -1414,7; -1270,9; -1038,3; 0,0; 0,0; 0,0
"37510160 Fordelte opkøbskurstab "; -605,4; 0,0; 0,0; 0,0; 0,0; 0,0
"3752 Højteknologifonden "; -1719,2; -700,9; -662,2; 0,0; 0,0; 0,0
"375201 Driftsbudget "; -1719,2; -700,9; -662,2; 0,0; 0,0; 0,0
"37520140 Modtagne renter "; -626,4; -625,5; -585,8; 0,0; 0,0; 0,0
"37520150 Periodiserede renter "; -82,3; -75,4; -76,4; 0,0; 0,0; 0,0
"37520160 Fordelte opkøbskurstab "; -10,6; 0,0; 0,0; 0,0; 0,0; 0,0
"37520170 Modtaget kapitaltilførsel fra staten "; -1000,0; 0,0; 0,0; 0,0; 0,0; 0,0
"3754 Fonden for Forebyggelse og Fastholdelse "; -91,7; -68,1; -51,9; 0,0; 0,0; 0,0
"375401 Driftsbudget "; -91,7; -68,1; -51,9; 0,0; 0,0; 0,0
"37540140 Modtagne renter "; -73,5; -61,7; -46,6; 0,0; 0,0; 0,0
"37540150 Periodiserede renter "; -8,6; -6,4; -5,3; 0,0; 0,0; 0,0
"37540160 Fordelte opkøbskurstab "; -9,6; 0,0; 0,0; 0,0; 0,0; 0,0
"376 Renter til genudlån mv. "; -8481,5; -8017,8; -5627,7; 0,0; 0,0; 0,0
"3761 Renter af genudlån mv. "; -4182,3; -4430,7; -3912,6; 0,0; 0,0; 0,0
"376101 Renter af indenlandske genudlån "; -3527,8; -3889,3; -3472,7; 0,0; 0,0; 0,0
"37610105 Genudlån til Finansiel Stabilitet A/S "; -600,7; -707,0; -354,5; 0,0; 0,0; 0,0
"37610106 Finansiel Stabilitet A/S, periodiserede rente"; -73,0; -58,4; -34,6; 0,0; 0,0; 0,0
"37610107 Gevinst ved førtidige indfrielser "; -210,2; 0,0; 0,0; 0,0; 0,0; 0,0
"37610110 Genudlån, SU-styrelsen "; -214,5; -360,8; -321,1; 0,0; 0,0; 0,0
"37610125 Genudlån til Energinet.dk "; -364,5; -541,9; -465,5; 0,0; 0,0; 0,0
"37610126 Genudl. Energinet.dk, per.renter "; -64,7; -70,5; -63,0; 0,0; 0,0; 0,0
"37610127 Genudlån til Energinet.dk, indeksopskrivning "; 0,0; 0,0; -24,0; 0,0; 0,0; 0,0
"37610135 Genudlån til Landsbyggefonden, MBBL "; -2,9; -3,6; -1,6; 0,0; 0,0; 0,0
"37610136 Statslån til Landsbyggefonden, MBBL "; -34,6; -70,2; -14,7; 0,0; 0,0; 0,0
"37610145 Genudlån til udviklingsselskabet By og Havn "; -344,3; -342,6; -315,9; 0,0; 0,0; 0,0
"37610146 Genudlån By og Havn, periodiserede renter "; -43,2; -34,4; -39,5; 0,0; 0,0; 0,0
"37610147 Genudlån til Metroselskabet I/S "; -68,6; -143,4; -198,3; 0,0; 0,0; 0,0
"37610148 Genudlån til Metroselskabet I/S, per. renter "; -12,3; -23,2; -30,0; 0,0; 0,0; 0,0
"37610149 Gevinst ved førtidig infrielser "; -54,7; 0,0; 0,0; 0,0; 0,0; 0,0
"37610151 Genudlån til Statens Serums Institut "; -14,6; -15,1; -14,6; 0,0; 0,0; 0,0
"37610152 Genudlån til SSI, periodiserede renter "; -1,8; -2,0; -1,8; 0,0; 0,0; 0,0
"37610162 Genudlån via Eksport Kredit Fonden "; -168,1; -280,1; -314,7; 0,0; 0,0; 0,0
"37610163 Genudlån via EKF, periodiserede renter "; -61,2; -82,0; -83,7; 0,0; 0,0; 0,0
"37610165 Genudlån til Nordsøfonden "; -19,6; 0,0; 0,0; 0,0; 0,0; 0,0
"37610167 Gevinst førtidige infrielser "; -20,7; 0,0; 0,0; 0,0; 0,0; 0,0
"37610170 Genudlån til A/S Storebælt "; -509,5; -487,6; -488,3; 0,0; 0,0; 0,0
"37610171 Genudlån til A/S Storebælt, periodis. renter "; -60,3; -61,8; -63,7; 0,0; 0,0; 0,0
"37610175 Genudlån til Danmarks Radio "; -112,6; -113,1; -83,6; 0,0; 0,0; 0,0
"37610176 Genudl. DR, per. renter "; -14,1; -14,1; -9,7; 0,0; 0,0; 0,0
"37610178 Genudlån til Sund og Bælt Holding A/S "; -13,3; -7,0; -11,0; 0,0; 0,0; 0,0
"37610179 Genudlån til Sund og Bælt Holding A/S "; -0,9; -0,9; -1,2; 0,0; 0,0; 0,0
"37610180 Genudlån til A/S Øresundsforbindelsen "; -334,7; -357,9; -396,9; 0,0; 0,0; 0,0
"37610181 Genudlån til A/S Øresundsforbindelsen "; -46,6; -52,6; -52,8; 0,0; 0,0; 0,0
"37610182 Gevinst ved førtidig indfrielser "; -1,5; 0,0; 0,0; 0,0; 0,0; 0,0
"37610185 Femern Bælt A/S "; -22,6; -16,0; -35,5; 0,0; 0,0; 0,0
"37610186 Femern Bælt A/S, periodiserede renter "; -2,0; -3,6; -6,0; 0,0; 0,0; 0,0
"37610192 A/S Femern Landanlæg "; -5,2; -7,0; -15,5; 0,0; 0,0; 0,0
"37610193 A/S Femern Landanlæg, periodiserede renter "; -0,9; -0,6; -2,3; 0,0; 0,0; 0,0
"37610195 Genudlån til Danmarks Skibskredit A/S "; -21,5; -24,3; -21,8; 0,0; 0,0; 0,0
"37610196 Danmarks Skibskredit, periodiserede renter "; -8,0; -7,6; -6,9; 0,0; 0,0; 0,0
"376102 Renter af udenlandske genudlån "; -654,4; -541,4; -439,9; 0,0; 0,0; 0,0
"37610210 Genudlån DK Skibskredit A/S "; -385,9; -279,8; -236,0; 0,0; 0,0; 0,0
"37610211 Genudlån til Danmarks Skibskredit A/S "; -90,4; -67,0; -72,7; 0,0; 0,0; 0,0
"37610213 Realiserede valutakursreguleringer "; -67,3; -113,5; -31,4; 0,0; 0,0; 0,0
"37610215 Genudlån til Island, indtægt "; -84,3; -48,1; -49,7; 0,0; 0,0; 0,0
"37610217 Genudlån til Island, Periodiserede renter "; -0,4; 0,0; 0,0; 0,0; 0,0; 0,0
"37610225 Genudlån til Irland, renter "; -8,8; -33,0; -47,7; 0,0; 0,0; 0,0
"37610227 Genudlån til Irland, periodiserede renter "; -1,6; 0,0; 0,0; 0,0; 0,0; 0,0
"37610230 Gebyrer ifm. kreditfacilitet til SAS "; -16,0; 0,0; -2,4; 0,0; 0,0; 0,0
"3762 Provision af lån med statsgaranti "; -120,1; -144,3; -145,6; 0,0; 0,0; 0,0
"376201 Garantiprovision af udlån med statsgaranti "; -120,1; -144,3; -145,6; 0,0; 0,0; 0,0
"37620110 Garantiprovision af udlån med statsgaranti,SA"; -37,9; -38,0; -38,0; 0,0; 0,0; 0,0
"37620120 Garantiprovision fra genudlån af statslån "; -82,2; -106,3; -107,6; 0,0; 0,0; 0,0
"3763 Renter af særlige mellemværender "; -4179,1; -3442,8; -1569,5; 0,0; 0,0; 0,0
"376301 Renter af særlige mellemværender, SA "; -110,2; -139,6; -87,3; 0,0; 0,0; 0,0
"37630130 Renteindtægter m.v., Statens Administration "; -113,7; -144,1; -92,9; 0,0; 0,0; 0,0
"37630140 Refinansieringsordningen for landbruget "; 3,6; 4,5; 5,6; 0,0; 0,0; 0,0
"376304 Renter af særlige mellemværende, kreditpakke "; -4006,1; -3242,0; -1422,6; 0,0; 0,0; 0,0
"37630410 Renter af særlige mellemværende, kreditpakke "; -4006,1; -3242,0; -1422,6; 0,0; 0,0; 0,0
"376305 Renter af særlige mellemværender, Furesø "; -62,9; -61,2; -59,6; 0,0; 0,0; 0,0
"37630510 Renter af særlige mellemværender, Furesø "; -62,9; -61,2; -59,6; 0,0; 0,0; 0,0
"377 Regulering af hensættelser "; -993,9; -1057,3; -1025,1; 0,0; 0,0; 0,0
"3771 Reg., hensættelser vedr. tilsagnsord. "; -993,9; -1057,3; -1025,1; 0,0; 0,0; 0,0
"377101 Diskontering af tilsagnsordninger "; -993,9; -1057,3; -1025,1; 0,0; 0,0; 0,0
"37710110 Diskonteringsudgift vedr. tilsagnsordninger "; -993,9; -1057,3; -1025,1; 0,0; 0,0; 0,0
"38 Skatter og afgifter ";-617398,8;-649484,8;-665472,2; 0,0; 0,0; 0,0
"381 Skatter på indkomst og formue ";-342853,0;-362484,2;-391148,7; 0,0; 0,0; 0,0
"3811 Personskatter ";-242131,7;-259045,6;-287330,6; 0,0; 0,0; 0,0
"381101 Personskatter ";-238191,1;-253546,6;-281531,6; 0,0; 0,0; 0,0
"38110110 Indkomstskat mv. af personer ";-454301,8;-486000,0;-517800,0; 0,0; 0,0; 0,0
"38110111 Afskrivning, personskatter "; 1225,4; 1300,0; 1200,0; 0,0; 0,0; 0,0
"38110112 Komp. for forhøjelser af energi- og miljøafg."; 4950,7; 5400,0; 5550,0; 0,0; 0,0; 0,0
"38110120 Afregning af indkomstskat af personer "; 209191,8; 225000,0; 228840,0; 0,0; 0,0; 0,0
"38110125 overførsler mellem Sverige og Danmark "; 717,1; 750,0; 675,0; 0,0; 0,0; 0,0
"38110130 Kompensationsbeløb til Grønland "; 25,7; 3,4; 3,4; 0,0; 0,0; 0,0
"381111 Afgift af dødsboer og gaver "; -3940,6; -5499,0; -5799,0; 0,0; 0,0; 0,0
"38111110 Afgift af dødsboer og gaver, LB 327 2012 "; -3941,8; -5500,0; -5800,0; 0,0; 0,0; 0,0
"38111111 Afskrivninger, afgift af dødsboer og gaver "; 1,2; 1,0; 1,0; 0,0; 0,0; 0,0
"3813 Selskabsskatter m.v. "; -56101,2; -54508,0; -57338,0; 0,0; 0,0; 0,0
"381301 Indkomstskat af selskaber "; -37329,9; -33508,0; -38738,0; 0,0; 0,0; 0,0
"38130110 Indkomstskat af selskaber m.v. "; -42053,6; -38350,0; -44000,0; 0,0; 0,0; 0,0
"38130111 Afskrivning, selskabsskat m.v. "; 453,2; 350,0; 300,0; 0,0; 0,0; 0,0
"38130120 Afregning til kommuner af indkomstskat "; 4270,5; 4492,0; 4962,0; 0,0; 0,0; 0,0
"381311 Kulbrinteskat "; -18771,3; -21000,0; -18600,0; 0,0; 0,0; 0,0
"38131110 Skatter i henhold til kulbrinteskatteloven "; -18771,3; -21000,0; -18600,0; 0,0; 0,0; 0,0
"3814 Pensionsafkastskat "; -39546,7; -43325,0; -41475,0; 0,0; 0,0; 0,0
"381401 Pensionsafkastskat "; -39546,7; -43325,0; -41475,0; 0,0; 0,0; 0,0
"38140110 Pensionsafkastskat "; -39546,7; -43325,0; -41475,0; 0,0; 0,0; 0,0
"3816 Tinglysningsafgift m.v. "; -4882,3; -5500,0; -4900,0; 0,0; 0,0; 0,0
"381601 Tinglysningsafgift m.v. "; -4882,3; -5500,0; -4900,0; 0,0; 0,0; 0,0
"38160110 Tinglysningsafgift m.v. "; -4882,9; -5500,0; -4900,0; 0,0; 0,0; 0,0
"38160111 Afskrivning, tinglysningsafgift "; 0,6; 0,0; 0,0; 0,0; 0,0; 0,0
"3819 Øvrige skatter "; -191,0; -105,6; -105,1; 0,0; 0,0; 0,0
"381901 Frigørelsesafgift m.v. "; -0,1; -0,2; -0,2; 0,0; 0,0; 0,0
"38190110 Frigørelsesafgift m.v., LB 577 2002 "; -0,1; -0,2; -0,2; 0,0; 0,0; 0,0
"381971 Bøder, konfiskationer m.v. "; -191,0; -105,4; -104,9; 0,0; 0,0; 0,0
"38197110 Bøder, Skatteministeriet "; -178,0; -100,0; -100,0; 0,0; 0,0; 0,0
"38197111 Afskrivning af bøder, Skatteministeriet "; 3,4; 5,0; 5,0; 0,0; 0,0; 0,0
"38197122 Bøder, Forsvarsministeriet "; -1,5; -1,2; -1,0; 0,0; 0,0; 0,0
"38197123 Afskrivning af bøder, Forsvarsministeriet "; 0,0; 0,4; 0,4; 0,0; 0,0; 0,0
"38197125 Bøder, Fødevareministeriet "; -8,5; -9,6; -9,3; 0,0; 0,0; 0,0
"38197130 Konfiskationer "; -6,3; 0,0; 0,0; 0,0; 0,0; 0,0
"382 Told- og forbrugsafgifter ";-264816,5;-276475,0;-264223,5; 0,0; 0,0; 0,0
"3821 Merværdiafgift ";-177392,0;-185700,0;-175102,5; 0,0; 0,0; 0,0
"382101 Merværdiafgift ";-177392,0;-185700,0;-175102,5; 0,0; 0,0; 0,0
"38210110 Merværdiafgift ";-179522,9;-187500,0;-176902,5; 0,0; 0,0; 0,0
"38210111 Afskrivning, moms "; 2130,9; 1800,0; 1800,0; 0,0; 0,0; 0,0
"3822 Energiafgifter m.v. "; -34188,2; -34900,0; -35700,0; 0,0; 0,0; 0,0
"382201 Afgifter på el, gas og kul "; -17633,5; -18000,0; -19300,0; 0,0; 0,0; 0,0
"38220110 Afgift af stenkul, brunkul og koks m.v. "; -2497,2; -2800,0; -3000,0; 0,0; 0,0; 0,0
"38220111 Afskrivning af stenkul "; 24,0; 0,0; 0,0; 0,0; 0,0; 0,0
"38220120 Afgift af elektricitet "; -11155,5; -10500,0; -11300,0; 0,0; 0,0; 0,0
"38220121 Afskrivning af afgift af el "; 0,0; 0,0; 0,0; 0,0; 0,0; 0,0
"38220140 Naturgasafgift "; -4004,9; -4700,0; -5000,0; 0,0; 0,0; 0,0
"38220150 Afgift af VE-brændsler "; 0,0; 0,0; 0,0; 0,0; 0,0; 0,0
"38220160 Forsyningsikkerhedsafgift "; 0,0; 0,0; 0,0; 0,0; 0,0; 0,0
"382203 Afgifter på olieprodukter "; -9097,7; -9350,0; -9300,0; 0,0; 0,0; 0,0
"38220310 Afgift af visse olieprodukter "; -9108,9; -9350,0; -9300,0; 0,0; 0,0; 0,0
"38220311 Afskrivning, olieprodukter "; 11,2; 0,0; 0,0; 0,0; 0,0; 0,0
"382205 Benzinafgifter "; -7457,0; -7550,0; -7100,0; 0,0; 0,0; 0,0
"38220510 Afgift af benzin "; -7465,4; -7550,0; -7100,0; 0,0; 0,0; 0,0
"38220511 Afskrivning, benzinafgifter "; 8,4; 0,0; 0,0; 0,0; 0,0; 0,0
"3823 Afgifter vedr. motorkøretøjer "; -25275,0; -28544,0; -28744,0; 0,0; 0,0; 0,0
"382301 Vægtafgift "; -10041,8; -11140,0; -10970,0; 0,0; 0,0; 0,0
"38230110 Vægtafgift af motorkøretøjer m.v. "; -10074,7; -11200,0; -11000,0; 0,0; 0,0; 0,0
"38230111 Afskrivning, vægtafgift "; 33,0; 60,0; 30,0; 0,0; 0,0; 0,0
"382303 Registreringsafgift "; -13124,6; -15270,0; -15740,0; 0,0; 0,0; 0,0
"38230310 Registreringsafgift af motorkøretøjer m.v. "; -13180,4; -15300,0; -15800,0; 0,0; 0,0; 0,0
"38230311 Afskrivning, registreringsafgift "; 55,8; 30,0; 60,0; 0,0; 0,0; 0,0
"382305 Ansvarsforsikring "; -1731,0; -1750,0; -1650,0; 0,0; 0,0; 0,0
"38230510 Afgift af ansvarsforsikringer "; -1731,0; -1750,0; -1650,0; 0,0; 0,0; 0,0
"382307 Afgift af vejbenyttelse "; -377,6; -384,0; -384,0; 0,0; 0,0; 0,0
"38230710 Afgift af vejbenyttelse, danske køretøjer "; -267,2; -275,0; -270,0; 0,0; 0,0; 0,0
"38230711 Afskrivning, vejbenyttelsesafgift "; 0,2; 1,0; 1,0; 0,0; 0,0; 0,0
"38230720 Afgift af vejbenyt. fra køretøjer u.f.afg.lan"; -88,0; -90,0; -95,0; 0,0; 0,0; 0,0
"38230740 Overførsel af afgift af vejbenyt. k. øvrige "; -22,6; -20,0; -20,0; 0,0; 0,0; 0,0
"3824 Miljøafgifter "; -9858,7; -10795,0; -8498,0; 0,0; 0,0; 0,0
"382401 Miljøafgifter "; -9858,7; -10795,0; -8498,0; 0,0; 0,0; 0,0
"38240110 Kuldioxidafgift af visse energiprodukter "; -5686,7; -5850,0; -4000,0; 0,0; 0,0; 0,0
"38240111 Afskrivning, kuldioxidafgift "; 10,7; 2,0; 2,0; 0,0; 0,0; 0,0
"38240112 Afgift af kvælstofoxider (NOx) "; -443,0; -600,0; -900,0; 0,0; 0,0; 0,0
"38240115 Afgift af svovl "; -45,2; -50,0; -55,0; 0,0; 0,0; 0,0
"38240116 Afskrivning, afgift af svovl "; 1,8; 0,0; 0,0; 0,0; 0,0; 0,0
"38240130 Emballageafgift "; -1010,6; -1015,0; -715,0; 0,0; 0,0; 0,0
"38240131 Afskrivning, emballageafgift "; 2,6; 2,0; 5,0; 0,0; 0,0; 0,0
"38240135 Afgift af reklametryksager "; 0,0; -370,0; 0,0; 0,0; 0,0; 0,0
"38240140 Afgift vedrørende CFC "; -69,4; -70,0; -80,0; 0,0; 0,0; 0,0
"38240143 Afgift af klorerede opløsningsmidler m.v. "; -0,2; 0,0; 0,0; 0,0; 0,0; 0,0
"38240145 Afgift af bekæmpelsesmidler "; -550,7; -630,0; -645,0; 0,0; 0,0; 0,0
"38240150 Afgift af affald "; -165,8; -145,0; -140,0; 0,0; 0,0; 0,0
"38240160 Afgift af råstoffer "; -138,8; -140,0; -135,0; 0,0; 0,0; 0,0
"38240161 Afskrivning, afgift af råstoffer "; 0,9; 1,0; 0,0; 0,0; 0,0; 0,0
"38240165 Afgift af spildevand "; -179,1; -200,0; -160,0; 0,0; 0,0; 0,0
"38240170 Afgift af ledningsført vand "; -1502,9; -1640,0; -1585,0; 0,0; 0,0; 0,0
"38240171 Afskrivning, afgift af ledningsført vand "; 0,0; 0,0; 0,0; 0,0; 0,0; 0,0
"38240175 Afgift af nikkel/cadmium batterier "; -1,2; -5,0; -5,0; 0,0; 0,0; 0,0
"38240177 Afgift af pvc og af phathalater "; -20,4; -20,0; -20,0; 0,0; 0,0; 0,0
"38240179 Afskrivning, afgift af pvc og af phathalater "; 0,0; 0,0; 0,0; 0,0; 0,0; 0,0
"38240180 Afgift af kvælstof "; -13,2; -15,0; -15,0; 0,0; 0,0; 0,0
"38240185 Afgift af mineralsk fosfor i foderfosfat "; -47,6; -50,0; -50,0; 0,0; 0,0; 0,0
"3827 Afgifter på spil m.v. "; -1661,4; -1616,0; -1610,0; 0,0; 0,0; 0,0
"382701 Afgifter på spil "; -1661,4; -1616,0; -1610,0; 0,0; 0,0; 0,0
"38270110 Afgift af spil ved væddeløb "; -16,1; -15,0; -12,0; 0,0; 0,0; 0,0
"38270111 Afskrivning af afgift af spil og væddeløb "; 1,6; 2,0; 2,0; 0,0; 0,0; 0,0
"38270120 Afgift af gevinster ved lotterispil m.v. "; -300,3; -280,0; -295,0; 0,0; 0,0; 0,0
"38270130 Afgift af lottospil mv. "; -39,1; 0,0; 0,0; 0,0; 0,0; 0,0
"38270140 Kasinoafgift "; -195,9; -200,0; -195,0; 0,0; 0,0; 0,0
"38270150 Afgift af spilleautomater "; -661,8; -690,0; -570,0; 0,0; 0,0; 0,0
"38270160 Afgift af væddemål "; -234,5; -220,0; -295,0; 0,0; 0,0; 0,0
"38270170 Afgift af online kasinospil "; -172,9; -170,0; -200,0; 0,0; 0,0; 0,0
"38270180 Det Danske Klasselotteri A/S "; -42,3; -43,0; -45,0; 0,0; 0,0; 0,0
"3828 Øvrige punktafgifter "; -16441,2; -14920,0; -14569,0; 0,0; 0,0; 0,0
"382801 Afgift på øl, vin og spiritus "; -3657,1; -3818,0; -3779,0; 0,0; 0,0; 0,0
"38280110 Afgift af spiritus "; -1068,9; -1125,0; -1100,0; 0,0; 0,0; 0,0
"38280111 Afskrivninger, afgift på spiritus "; 4,3; 4,0; 4,0; 0,0; 0,0; 0,0
"38280120 Afgift af vin "; -1527,9; -1600,0; -1700,0; 0,0; 0,0; 0,0
"38280121 Afskrivning, afgift af vin "; 7,8; 8,0; 1,0; 0,0; 0,0; 0,0
"38280130 Afgift af øl "; -1035,1; -1075,0; -950,0; 0,0; 0,0; 0,0
"38280131 Afskrivning, øl "; 0,1; 0,0; 1,0; 0,0; 0,0; 0,0
"38280140 Tillægsafgift af alkoholsodavand "; -37,5; -30,0; -35,0; 0,0; 0,0; 0,0
"382803 Tobaksafgift "; -8211,7; -7424,0; -7730,0; 0,0; 0,0; 0,0
"38280310 Tobaksafgift "; -8213,1; -7425,0; -7750,0; 0,0; 0,0; 0,0
"38280311 Afskrivning, tobaksafgift "; 1,4; 1,0; 20,0; 0,0; 0,0; 0,0
"382805 Afgift, chokolade, konsumis, mineralvand m.v. "; -2804,2; -2964,0; -2561,0; 0,0; 0,0; 0,0
"38280510 Afgift af chokolade m.v. "; -2033,2; -2150,0; -2250,0; 0,0; 0,0; 0,0
"38280511 Afskrivning, afgift af chokolade "; 1,5; 1,0; 8,0; 0,0; 0,0; 0,0
"38280520 Afgift af konsumis "; -274,0; -290,0; -300,0; 0,0; 0,0; 0,0
"38280521 Afskrivning, afgift af konsumis "; 0,1; 0,0; 0,0; 0,0; 0,0; 0,0
"38280540 Afgift af mineralvand m.v. "; -499,0; -525,0; -25,0; 0,0; 0,0; 0,0
"38280541 Afskrivning, afgift af mineralvand m.v. "; 0,3; 0,0; 6,0; 0,0; 0,0; 0,0
"382806 Afgift på mættet fedt "; -1243,0; -110,0; 0,0; 0,0; 0,0; 0,0
"38280610 Afgift på mættet fedt "; -1243,0; -110,0; 0,0; 0,0; 0,0; 0,0
"382811 Lov om forskellige forbrugsafgifter "; -406,0; -429,0; -399,0; 0,0; 0,0; 0,0
"38281110 Lov om forskellige forbrugsafgifter "; -407,0; -430,0; -400,0; 0,0; 0,0; 0,0
"38281111 Afskrivninger, forskellige forbrugsafgifter "; 1,0; 1,0; 1,0; 0,0; 0,0; 0,0
"382821 Øvrige afgifter "; -105,6; -145,0; -130,0; 0,0; 0,0; 0,0
"38282120 Afgift af lystfartøjsforsikringer "; -105,6; -145,0; -130,0; 0,0; 0,0; 0,0
"382871 Afskrivninger m.v. "; -13,5; -30,0; 30,0; 0,0; 0,0; 0,0
"38287110 Diverse afgifter "; -35,0; -50,0; 20,0; 0,0; 0,0; 0,0
"38287111 Afskrivninger, blandede told og afgifter "; 21,5; 20,0; 10,0; 0,0; 0,0; 0,0
"384 Lønsumsafgift "; -5864,0; -7220,0; -7400,0; 0,0; 0,0; 0,0
"3841 Lønsumsafgift "; -5864,0; -6745,0; -6900,0; 0,0; 0,0; 0,0
"384102 Lønsumsafgift "; -5864,0; -6745,0; -6900,0; 0,0; 0,0; 0,0
"38410210 Lønsumsafgift "; -5871,2; -6750,0; -6905,0; 0,0; 0,0; 0,0
"38410211 Afskrivning, lønsumsafgift "; 7,2; 5,0; 5,0; 0,0; 0,0; 0,0
"3842 Afgift på arbejdsskader "; 0,0; -475,0; -500,0; 0,0; 0,0; 0,0
"384201 Afgift på arbejdsskader "; 0,0; -475,0; -500,0; 0,0; 0,0; 0,0
"38420110 Afgift på arbejdsskader "; 0,0; -475,0; -500,0; 0,0; 0,0; 0,0
"386 Renteindtægter m.v. "; -3870,3; -3350,0; -2700,0; 0,0; 0,0; 0,0
"3861 Renteindtægter m.v. "; -3870,3; -3350,0; -2700,0; 0,0; 0,0; 0,0
"386101 Renteindtægter m.v. "; -3870,3; -3350,0; -2700,0; 0,0; 0,0; 0,0
"38610110 Renteindtægt vedr. restancer "; -1981,9; -2500,0; -1800,0; 0,0; 0,0; 0,0
"38610121 Forrentning ved forh. af skatteansættelser "; -297,3; -250,0; -300,0; 0,0; 0,0; 0,0
"38610131 Forrentning ved forh. af selskabsansættelser "; -1591,1; -600,0; -600,0; 0,0; 0,0; 0,0
"388 Overførsel til andre paragraffer "; 5,0; 44,4; 0,0; 0,0; 0,0; 0,0
"3881 Overførsel til andre paragraffer "; 5,0; 44,4; 0,0; 0,0; 0,0; 0,0
"388105 Overført til SØIM "; 5,0; 44,4; 0,0; 0,0; 0,0; 0,0
"38810510 Overført til MSF "; 5,0; 5,1; 0,0; 0,0; 0,0; 0,0
"38810520 overførsel til ØIM "; 0,0; 39,3; 0,0; 0,0; 0,0; 0,0
"41 Beholdningsbevægelser mv. "; -377,4; -432,4; 3600,2; 0,0; 0,0; 0,0
"411 Nedskrivning af emissionskurstab "; 2531,2; 1349,3; 1793,1; 0,0; 0,0; 0,0
"4111 Nedskrivning af emissionskurstab "; 2517,1; 1985,9; 1678,4; 0,0; 0,0; 0,0
"411101 Fordelte emissionskurstab "; 2546,5; 2142,1; 1678,4; 0,0; 0,0; 0,0
"41110110 Indenlandsk statsgæld "; 3361,8; 2833,0; 2502,4; 0,0; 0,0; 0,0
"41110120 Udenlandsk statsgæld "; -37,1; -28,6; -19,8; 0,0; 0,0; 0,0
"41110130 Indenlandske genudlån "; -778,3; -662,3; -804,2; 0,0; 0,0; 0,0
"411111 Indeksopskrivning "; -29,4; -156,2; 0,0; 0,0; 0,0; 0,0
"41111110 Indeksopskrivning, indenlandsk statsgæld "; -29,4; -156,2; 0,0; 0,0; 0,0; 0,0
"4112 Periodiserede renter "; 14,1; -636,6; 114,7; 0,0; 0,0; 0,0
"411201 Periodiserede renter "; 14,1; -636,6; 114,7; 0,0; 0,0; 0,0
"41120110 Indenlandsk statsgæld "; 123,0; -290,8; -152,8; 0,0; 0,0; 0,0
"41120120 Udenlandsk statsgæld "; 208,9; -230,1; 480,6; 0,0; 0,0; 0,0
"41120130 Indenlandske genudlån "; 25,8; 32,4; 22,1; 0,0; 0,0; 0,0
"41120140 Udenlandske genudlån "; -13,2; -11,1; -11,1; 0,0; 0,0; 0,0
"41120150 Den Sociale Pensionsfond "; -335,8; -129,5; -223,7; 0,0; 0,0; 0,0
"41120160 Højteknologifonden "; 6,8; -5,4; 0,8; 0,0; 0,0; 0,0
"41120180 Fonden for Forebyggelse og Fastholdelse "; -1,4; -2,1; -1,2; 0,0; 0,0; 0,0
"412 Beholdningsbevægelser "; -993,2; 1008,3; 2573,7; 0,0; 0,0; 0,0
"4121 Statens beholdningsbevægelser "; -993,2; 1008,3; 2573,7; 0,0; 0,0; 0,0
"412101 Statens almindelige beholdningsbevægelser "; -993,2; 1008,3; 2573,7; 0,0; 0,0; 0,0
"41210111 Anlægsaktiver "; 44379,6; 0,0; 0,0; 0,0; 0,0; 0,0
"41210114 Omsætningsaktiver "; -19143,0; 0,0; 175,0; 0,0; 0,0; 0,0
"41210121 Egenkapital "; -40582,0; 0,0; 0,0; 0,0; 0,0; 0,0
"41210123 Reserveret bevilling "; 481,3; 0,0; 0,0; 0,0; 0,0; 0,0
"41210126 Hensættelser "; -393,9; 0,0; 0,0; 0,0; 0,0; 0,0
"41210130 Hensæt. vedr afgivne tilsagn "; -3352,9; 1008,3; 1748,7; 0,0; 0,0; 0,0
"41210131 Langfristet gæld "; 257,3; 0,0; 0,0; 0,0; 0,0; 0,0
"41210134 Kortfristet gæld "; 17360,5; 0,0; 650,0; 0,0; 0,0; 0,0
"4122 Fondenes beholdningsbevægelser "; 0,0; 0,0; 0,0; 0,0; 0,0; 0,0
"412201 Fondenes beholdningsbevægelser "; 0,0; 0,0; 0,0; 0,0; 0,0; 0,0
"41220110 Fondenes beholdningsbevægelser "; 0,0; 0,0; 0,0; 0,0; 0,0; 0,0
"413 Valutakursreguleringer "; -1915,3; -2790,0; -766,6; 0,0; 0,0; 0,0
"4131 Val.kursreg. på udl. statsgæld "; -1915,3; -2790,0; -766,6; 0,0; 0,0; 0,0
"413101 Realiserede val.kursreg. på udl.. statsgæld "; -1896,8; -2787,2; -719,6; 0,0; 0,0; 0,0
"41310110 Realiserede valutakursreguleringer "; -1896,8; -2787,2; -719,6; 0,0; 0,0; 0,0
"413102 Valutakursreg. på udenl. genudlån "; -18,5; -2,8; -47,0; 0,0; 0,0; 0,0
"41310210 Udenlandske genudlån "; -18,5; -2,8; -47,0; 0,0; 0,0; 0,0
