"Paragraf, Hovedområde, Aktivitetsområde, Hovedkonto, Underkonto";"2002";"2003";"2004";"2005";"2006";"2007" 
"05 Statsministeriet "; 0,0; 0,0; 0,5; 0,5; 0,5; 0,5
"051 Fællesudgifter "; 0,0; 0,0; 0,5; 0,5; 0,5; 0,5
"0511 Centralstyrelsen "; 0,0; 0,0; 0,5; 0,5; 0,5; 0,5
"051101 Departementet "; 0,0; 0,0; 0,5; 0,5; 0,5; 0,5
"05110140 Nordatlantens Brygge "; 0,0; 0,0; 0,5; 0,5; 0,5; 0,5
"06 Udenrigsministeriet "; 0,0; 0,0; 77,9; -24,0; -28,0; -33,0
"061 Udenrigstjenesten m.v. "; 0,0; 0,0; 117,8; 15,9; 9,9; 4,9
"0611 Udenrigstjenesten "; 0,0; 0,0; 117,8; 15,9; 9,9; 4,9
"061101 Udenrigstjenesten "; 0,0; 0,0; -11,6; -16,9; -17,1; -17,3
"06110110 Generelle opgaver "; 0,0; 0,0; -4,4; 2,4; 2,4; 2,4
"06110120 Administration af udviklingsbistand "; 0,0; 0,0; 6,5; 1,2; 1,0; 0,8
"06110130 Eksportfremme "; 0,0; 0,0; -13,7; -20,5; -20,5; -20,5
"061119 Støtteindsatser i EU's nabolande "; 0,0; 0,0; 34,2; 32,8; 27,0; 22,2
"06111925 Støtteindsatser i EU's nabolande "; 0,0; 0,0; 34,2; 32,8; 27,0; 22,2
"061127 Klimaprojekter i udviklingslande "; 0,0; 0,0; 95,2; 0,0; 0,0; 0,0
"06112710 CO2-kreditter i udviklingslande "; 0,0; 0,0; 95,2; 0,0; 0,0; 0,0
"062 Internationale organisationer "; 0,0; 0,0; 4,1; 4,1; 4,1; 4,1
"0621 Nordiske formål "; 0,0; 0,0; 3,1; 3,1; 3,1; 3,1
"062102 Nordisk projekteksportfond (NOPEF) "; 0,0; 0,0; 3,1; 3,1; 3,1; 3,1
"06210210 NOPEF "; 0,0; 0,0; 3,1; 3,1; 3,1; 3,1
"0622 Øvrige internationale organisationer "; 0,0; 0,0; 1,0; 1,0; 1,0; 1,0
"062203 Øvrige organisationer "; 0,0; 0,0; 1,0; 1,0; 1,0; 1,0
"06220310 Almindelig virksomhed "; 0,0; 0,0; 1,0; 1,0; 1,0; 1,0
"063 Bistand til udviklingslandene "; 0,0; 0,0; -44,0; -44,0; -42,0; -42,0
"0633 NGO-bistand "; 0,0; 0,0; -44,0; -44,0; -42,0; -42,0
"063301 Bistand gennem private organisationer "; 0,0; 0,0; -44,0; -44,0; -42,0; -42,0
"06330110 Projektstøtte under rammeaftaler "; 0,0; 0,0; -44,0; -44,0; -42,0; -42,0
"0639 Humanitær bistand "; 0,0; 0,0; 0,0; 0,0; 0,0; 0,0
"063902 Ekstraordinære humanitære bidrag "; 0,0; 0,0; 0,0; 0,0; 0,0; 0,0
"06390210 Ekstraordinære humanitære bidrag "; 0,0; 0,0; -45,0; 0,0; 0,0; 0,0
"06390211 Internationalt Humanitært Beredskab (IHB) "; 0,0; 0,0; 45,0; 0,0; 0,0; 0,0
"07 Finansministeriet "; 0,0; 0,0; -450,6; -55,0; -75,7; -88,9
"071 Offentlig økonomi "; 0,0; 0,0; -450,6; -55,0; -75,7; -88,9
"0711 Centralstyrelsen "; 0,0; 0,0; -502,5; 14,3; 0,0; 0,0
"071112 Velfærdskommissionen "; 0,0; 0,0; 17,5; 14,3; 0,0; 0,0
"07111210 Velfærdskommissionen "; 0,0; 0,0; 17,5; 14,3; 0,0; 0,0
"071127 Overførsel fra Hypotekbankens reserver "; 0,0; 0,0; -520,0; 0,0; 0,0; 0,0
"07112710 Overførsel fra Hypotekbankens reserver "; 0,0; 0,0; -520,0; 0,0; 0,0; 0,0
"0712 Økonomisystemer og økonomiforvaltning "; -1,6; 0,0; 0,1; 0,1; 0,1; 0,1
"071201 Økonomistyrelsen "; -1,6; 0,0; 0,1; 0,1; 0,1; 0,1
"07120110 Almindelig virksomhed "; -1,6; 0,0; 0,1; 0,1; 0,1; 0,1
"07120120 Finansministeriets Administrative Fællesskab "; 0,0; 0,0; 0,0; 0,0; 0,0; 0,0
"0713 Finansforvaltning "; 1,6; 0,0; 201,8; 80,6; 74,2; 61,0
"071301 Finansstyrelsen "; 1,6; 0,0; -0,1; -0,1; -0,1; -0,1
"07130110 Almindelig virksomhed "; 1,6; 0,0; -0,1; -0,1; -0,1; -0,1
"071305 Fleksjobordning i staten m.v. "; 0,0; 0,0; 90,9; -30,3; -30,3; -30,3
"07130510 Fleksjobordning i staten m.v. "; 107,5; 0,0; 53,1; -30,3; -30,3; -30,3
"07130520 Selvejende institutioner m.v. "; -107,5; 0,0; 37,8; 0,0; 0,0; 0,0
"071335 Afdrag på lån vedr. udvik.bistand u. Udenrigs "; 0,0; 0,0; 111,0; 111,0; 104,6; 91,4
"07133510 Afdrag og indfrielser "; 0,0; 0,0; 111,0; 111,0; 104,6; 91,4
"0715 Statslige selskaber "; 0,0; 0,0; -150,0; -150,0; -150,0; -150,0
"071501 Udbytte m.v. fra statslige selskaber "; 0,0; 0,0; -150,0; -150,0; -150,0; -150,0
"07150110 Udbytte m.v. "; 0,0; 0,0; -150,0; -150,0; -150,0; -150,0
"0716 Slotte og ejendomme "; 0,0; 0,0; 0,0; 0,0; 0,0; 0,0
"071602 Slots- og Ejendomsstyrelsen - Kontorejendomme "; 0,0; 0,0; 0,0; 0,0; 0,0; 0,0
"07160220 Låntagning "; 0,0; 0,0; 0,0; 0,0; 0,0; 0,0
"08 Økonomi- og Erhvervsministeriet "; 0,0; 0,0; -3850,6; -2193,7; -2173,7; -2383,7
"081 Fællesudgifter "; 0,0; 0,0; 1,0; 1,0; 1,0; 1,0
"0811 Centralstyrelsen "; 0,0; 0,0; 1,0; 1,0; 1,0; 1,0
"081104 Europæiske Bank for Genopbygning og Udvikling "; 0,0; 0,0; 1,0; 1,0; 1,0; 1,0
"08110420 EBRD's Trustfond "; 0,0; 0,0; 1,0; 1,0; 1,0; 1,0
"082 Erhvervsregulering og forbrugerforhold "; 0,0; 0,0; 3,0; 3,0; 3,0; 3,0
"0821 Tilsyns- og registreringsvirksomhed "; 0,0; 0,0; 0,0; 0,0; 0,0; 0,0
"082111 Konkurrencestyrelsen "; 0,0; 0,0; 0,0; 0,0; 0,0; 0,0
"08211110 Almindelig virksomhed "; 0,0; 0,0; 0,0; 0,0; 0,0; 0,0
"08211111 Sekretariat for Energitilsynet "; 0,0; 0,0; 0,0; 0,0; 0,0; 0,0
"082121 Erhvervs- og Selskabsstyrelsen "; 0,0; 0,0; 0,0; 0,0; 0,0; 0,0
"08212110 Almindelig virksomhed "; 0,0; 0,0; 0,0; 0,0; 0,0; 0,0
"0822 Forbrugerbeskyttelse og -oplysning "; 0,0; 0,0; 3,0; 3,0; 3,0; 3,0
"082215 Forbrugerrådet "; 0,0; 0,0; 3,0; 3,0; 3,0; 3,0
"08221510 Forbrugerrådet "; 0,0; 0,0; 3,0; 3,0; 3,0; 3,0
"083 Erhvervsfremme og boligforhold "; 0,0; 0,0; 5,1; 8,2; 5,1; 4,0
"0831 Fællesudgifter "; 0,0; 0,0; 0,6; 0,5; 0,0; 0,0
"083101 Erhvervs- og Boligstyrelsen "; 0,0; 0,0; 0,6; 0,5; 0,0; 0,0
"08310110 Almindelig virksomhed "; 0,0; 0,0; 0,6; 0,5; 0,0; 0,0
"0832 Eksportfinansiering og øststøtte m.v. "; 0,0; 0,0; 4,4; 3,5; 1,0; 0,0
"083201 Øststøtte m.v. "; 0,0; 0,0; 4,4; 3,5; 1,0; 0,0
"08320139 Erhvervsrelateret indsats 2004-2007 "; 0,0; 0,0; 4,4; 3,5; 1,0; 0,0
"0833 Erhvervsfremme m.v. "; 0,0; 0,0; -0,9; 4,2; 4,1; 4,0
"083301 Erhvervsfremme m.v. "; 0,0; 0,0; -0,9; 4,2; 4,1; 4,0
"08330155 Offentligt-privat samspil "; 0,0; 0,0; -7,3; -0,5; -0,5; -0,5
"08330163 Produktivitet i byggeriet "; 0,0; 0,0; 1,4; 4,7; 4,6; 4,5
"08330169 Væksthuse "; 0,0; 0,0; 5,0; 0,0; 0,0; 0,0
"0837 Byggeri og boliger "; 0,0; 0,0; 1,0; 0,0; 0,0; 0,0
"083705 Tilgængelighed til de fysiske omgivelser "; 0,0; 0,0; 1,0; 0,0; 0,0; 0,0
"08370530 Tilgængelighedsinitiativer "; 0,0; 0,0; 1,0; 0,0; 0,0; 0,0
"084 Støttet boligbyggeri og byfornyelse "; 0,0; 0,0; 60,4; 3,3; 3,4; 3,5
"0841 Alment boligbyggeri "; 0,0; 0,0; 81,8; 8,0; 8,0; 8,0
"084111 Særligt udsatte grupper, støtte til "; 0,0; 0,0; 8,0; 8,0; 8,0; 8,0
"08411110 Særligt udsatte grupper, forsøg med udvikl. "; 0,0; 0,0; 8,0; 8,0; 8,0; 8,0
"084112 Boliger til yngre fysisk handicappede "; 0,0; 0,0; 13,8; 0,0; 0,0; 0,0
"08411210 Boliger yngre fysisk handicap, Økonomistyrels"; 0,0; 0,0; 13,8; 0,0; 0,0; 0,0
"084118 Boliger til personer med handicap "; 0,0; 0,0; 60,0; 0,0; 0,0; 0,0
"08411810 Erstatningsboliger nedlagte botilbud "; 0,0; 0,0; 30,0; 0,0; 0,0; 0,0
"08411820 Amtskommunale ventelister "; 0,0; 0,0; 30,0; 0,0; 0,0; 0,0
"0845 Hensættelser vedr. byfornyelse og sanering "; 0,0; 0,0; -20,0; 0,0; 0,0; 0,0
"084501 Hensæt tilsagn afgivet før 1.1.2001 "; 0,0; 0,0; -20,0; 0,0; 0,0; 0,0
"08450110 Hensæt Ydelsesbidrag til forbedringsarbejder "; 0,0; 0,0; -20,0; 0,0; 0,0; 0,0
"0846 Forskning, udvikling, byer, boliger, byggeri "; 0,0; 0,0; -1,4; -4,7; -4,6; -4,5
"084601 Statens Byggeforskningsinstitut - By og Byg "; 0,0; 0,0; -1,4; -4,7; -4,6; -4,5
"08460110 Almindelig virksomhed "; 0,0; 0,0; -1,4; -4,7; -4,6; -4,5
"08460195 Tilskudsfinansieret forskningsvirksomhed "; 0,0; 0,0; 0,0; 0,0; 0,0; 0,0
"086 Energi "; 0,0; 0,0; -3920,1; -2209,2; -2186,2; -2395,2
"0861 Fællesudgifter "; 0,0; 0,0; 0,1; 0,1; 0,2; 0,2
"086101 Energistyrelsen "; 0,0; 0,0; 0,1; 0,1; 0,2; 0,2
"08610110 Almindelig virksomhed "; 0,0; 0,0; 0,1; 0,1; 0,2; 0,2
"0863 Efterforskning og indvinding af energi m.m. "; 0,0; 0,0; -3925,0; -2213,2; -2192,2; -2401,2
"086301 Koncessionsafgifter m.v. "; 0,0; 0,0; 6,0; 2024,8; 1967,8; 1775,8
"08630110 Koncessionsafgifter m.v. "; 0,0; 0,0; 6,0; 2024,8; 1967,8; 1775,8
"086302 Olierørledningsafgift m.v. "; 0,0; 0,0; -31,0; 62,0; 40,0; 23,0
"08630210 Olierørledningsafgift "; 0,0; 0,0; -36,0; 47,0; 25,0; 8,0
"08630220 Dispensationsafgift "; 0,0; 0,0; 5,0; 15,0; 15,0; 15,0
"086304 Overskudsdeling ved statsdeltagelse i Nordsø "; 0,0; 0,0; -3900,0; -4300,0; -4200,0; -4200,0
"08630410 Overskudsdeling m.v. "; 0,0; 0,0; -3900,0; -4300,0; -4200,0; -4200,0
"0864 Vedvarenden energi "; 0,0; 0,0; 0,9; 0,0; 0,0; 0,0
"086412 Elsparefonden "; 0,0; 0,0; 0,9; 0,0; 0,0; 0,0
"08641210 Elsparefonden "; 0,0; 0,0; 0,9; 0,0; 0,0; 0,0
"0866 Øststøtte og energi m.v. "; 0,0; 0,0; 3,9; 3,9; 5,8; 5,8
"086606 Øststøtteaktiviteter på energiområdet "; 0,0; 0,0; 3,9; 3,9; 5,8; 5,8
"08660650 Energisektorprogram "; 0,0; 0,0; 3,9; 3,9; 5,8; 5,8
"087 Søfart "; 0,0; 0,0; 0,0; 0,0; 0,0; 0,0
"0871 Fællesudgifter "; 0,0; 0,0; 0,0; 0,0; 0,0; 0,0
"087101 Søfartsstyrelsen "; 0,0; 0,0; 0,0; 0,0; 0,0; 0,0
"08710110 Almindelig virksomhed "; 0,0; 0,0; 0,0; 0,0; 0,0; 0,0
"08710190 Indtægtsdækket virksomhed "; 0,0; 0,0; 0,0; 0,0; 0,0; 0,0
"09 Skatteministeriet "; 0,0; 0,0; 51,4; 51,3; 51,3; 51,3
"092 Forvaltning "; 0,0; 0,0; 51,4; 51,3; 51,3; 51,3
"0921 Skatte- og afgiftsforvaltning "; 0,0; 0,0; 51,4; 51,3; 51,3; 51,3
"092101 ToldSkat "; 0,0; 0,0; 0,0; 0,0; 0,0; 0,0
"09210110 Almindelig virksomhed "; 0,0; 0,0; 0,0; 0,0; 0,0; 0,0
"092105 Godtgørelser m.v. "; 0,0; 0,0; 51,4; 51,3; 51,3; 51,3
"09210510 Udgifter til sagkyndig bistand i skattesager "; 0,0; 0,0; 51,4; 51,3; 51,3; 51,3
"11 Justitsministeriet "; 0,0; 0,0; 985,2; 1015,8; 1036,7; 872,6
"111 Fællesudgifter "; 0,0; 0,0; 2,9; 0,0; -183,7; -364,3
"1111 Centralstyrelsen "; 0,0; 0,0; 2,9; 0,0; -183,7; -364,3
"111101 Departementet "; 0,0; 0,0; 2,0; 0,0; 0,0; 0,0
"11110140 Støtte til foreninger mv. "; 0,0; 0,0; 2,0; 0,0; 0,0; 0,0
"111111 Civilretsdirektoratet "; 0,0; 0,0; 0,9; 0,0; 0,0; 0,0
"11111110 Almindelig virksomhed "; 0,0; 0,0; 0,9; 0,0; 0,0; 0,0
"111179 Reserver og budgetregulering "; 0,0; 0,0; 0,0; 0,0; -183,7; -364,3
"11117985 Omprioriteringsreserve "; 0,0; 0,0; 0,0; 0,0; -183,7; -364,3
"112 Politivæsenet "; 0,0; 0,0; 548,3; 592,8; 742,6; 749,2
"1123 Politi "; 0,0; 0,0; 548,3; 592,8; 742,6; 749,2
"112301 Politiet og anklagemyndigheden m.v. "; 0,0; 0,0; 548,3; 592,8; 742,6; 749,2
"11230110 Almindelig virksomhed "; 0,0; 0,0; 390,4; 504,9; 669,7; 736,3
"11230120 Erstatninger "; 0,0; 0,0; 7,7; 7,7; 7,7; 7,7
"11230130 Diverse tilskud "; 0,0; 0,0; 5,2; 5,2; 5,2; 5,2
"11230140 Modernisering af politiets IT "; 0,0; 0,0; 60,0; 75,0; 60,0; 0,0
"11230150 Udbetaling af overarbejde "; 0,0; 0,0; 85,0; 0,0; 0,0; 0,0
"113 Kriminalforsorg "; 0,0; 0,0; 434,0; 423,0; 477,8; 487,7
"1131 Kriminalforsorg "; 0,0; 0,0; 434,0; 423,0; 477,8; 487,7
"113101 Direktoratet for Kriminalforsorgen "; 0,0; 0,0; 1,3; 0,7; 0,7; 0,5
"11310110 Almindelig virksomhed "; 0,0; 0,0; 1,3; 0,7; 0,7; 0,5
"113103 Kriminalforsorgen i anstalter og frihed "; 0,0; 0,0; 352,7; 362,3; 400,1; 437,2
"11310310 Almindelig virksomhed "; 0,0; 0,0; 352,7; 362,3; 400,1; 437,2
"113109 Fængsler og arresthuse mv. "; 0,0; 0,0; 80,0; 60,0; 77,0; 50,0
"11310910 Kriminalforsorgens ins. og afdelinger "; 0,0; 0,0; 80,0; 60,0; 77,0; 50,0
"15 Socialministeriet "; 0,0; 0,0; 1037,9; 1329,5; 1223,3; 1227,9
"151 Fællesudgifter "; 0,0; 0,0; 85,8; 332,5; 197,1; 355,7
"1511 Centralstyrelsen "; 0,0; 0,0; 47,5; 296,7; 156,8; 308,7
"151106 Børnerådet "; 0,0; 0,0; 0,5; 0,5; 0,5; 0,0
"15110610 Almindelig virksomhed "; 0,0; 0,0; 0,5; 0,5; 0,5; 0,0
"151110 Reserve vedrørende Sociale Sikringsstyrelse "; 0,0; 0,0; 7,0; 0,0; 0,0; 0,0
"15111010 Reserve vedrørende Sociale Sikringsstyrelse "; 0,0; 0,0; 7,0; 0,0; 0,0; 0,0
"151120 Rådet for socialt udsatte "; 0,0; 0,0; 2,0; 2,0; 2,0; 2,0
"15112010 Rådet for socialt udsatte "; 0,0; 0,0; 2,0; 2,0; 2,0; 2,0
"151128 Den Sociale Sikringsstyrelse "; 0,0; 0,0; 1,2; 1,2; 1,2; 1,2
"15112830 Internationale pensionssager m.v. "; 0,0; 0,0; 1,2; 1,2; 1,2; 1,2
"151179 Reserver og budgetregulering "; 0,0; 0,0; 36,8; 293,0; 153,1; 305,5
"15117910 Budgetgaranti "; 0,0; 0,0; 135,2; 350,4; 212,0; 219,9
"15117920 Det kommunale lov- og cirkulæreprogram "; 0,0; 0,0; 51,6; 92,6; 91,1; 91,1
"15117930 Reserve til handicapområdet "; 0,0; 0,0; -150,0; -150,0; -150,0; 0,0
"15117985 Omprioriteringsreserve - regeringsinitiativer"; 0,0; 0,0; 0,0; 0,0; 0,0; -5,5
"1513 Forsknings- og forsøgsvirksomhed m.v. "; 0,0; 0,0; 38,3; 35,8; 40,3; 47,0
"151308 Velfærdsforskning "; 0,0; 0,0; 25,0; 25,0; 25,0; 25,0
"15130810 Velfærdsforskning "; 0,0; 0,0; 25,0; 25,0; 25,0; 25,0
"151323 Rammebeløb til handicappede m.v. "; 0,0; 0,0; 18,7; 1,8; 6,3; 13,0
"15132310 Rammebeløb til handicappede m.v. "; 0,0; 0,0; 18,7; 1,8; 6,3; 13,0
"151328 Frivilligt arbejde inden for det sociale felt "; 0,0; 0,0; 0,0; 9,0; 9,0; 9,0
"15132830 Uddannelse, kurser m.v., friv. sociale felt "; 0,0; 0,0; 0,0; 9,0; 9,0; 9,0
"151340 Udv. af socialt arbejde og brugerinddragelse "; 0,0; 0,0; -5,4; 0,0; 0,0; 0,0
"15134030 Styrket inddragelse af brugere og pårørende "; 0,0; 0,0; -5,4; 0,0; 0,0; 0,0
"152 Børnetilskud "; 0,0; 0,0; 55,0; 55,6; 56,1; 56,3
"1521 Børnetilskud "; 0,0; 0,0; 55,0; 55,6; 56,1; 56,3
"152111 Ordinært børnetilskud "; 0,0; 0,0; 37,7; 38,0; 38,3; 38,3
"15211110 Ordinært børnetilskud "; 0,0; 0,0; 37,7; 38,0; 38,3; 38,3
"152113 Særligt børnetilskud "; 0,0; 0,0; 17,3; 17,6; 17,8; 18,0
"15211310 Særligt børnetilskud, børn af enke/enkemænd "; 0,0; 0,0; -26,2; -26,1; -26,0; -25,8
"15211320 Særligt børnetilskud, børn af pensionister "; 0,0; 0,0; 43,5; 43,7; 43,8; 43,8
"153 Individuel boligstøtte "; 0,0; 0,0; 42,5; 38,5; 38,7; 38,8
"1531 Boligydelse til pensionister "; 0,0; 0,0; 29,3; 25,0; 24,9; 24,9
"153101 Boligydelse til pensionister "; 0,0; 0,0; 29,3; 25,0; 24,9; 24,9
"15310110 Boligydelse til pensionister "; 0,0; 0,0; 29,2; 24,9; 24,8; 24,8
"15310120 Boligydelseslån til pensionister "; 0,0; 0,0; 0,1; 0,1; 0,1; 0,1
"1532 Øvrig individuel boligstøtte "; 0,0; 0,0; 13,2; 13,5; 13,8; 13,9
"153201 Boligsikring "; 0,0; 0,0; 13,2; 13,5; 13,8; 13,9
"15320110 Boligsikring "; 0,0; 0,0; 13,2; 13,5; 13,8; 13,9
"156 Bistand og pleje for handicappede "; 0,0; 0,0; 76,2; 150,0; 150,0; 0,0
"1564 Bistand og pleje for handicappede "; 0,0; 0,0; 76,2; 150,0; 150,0; 0,0
"156416 Botilbud m.v. til yngre fysisk handicappede "; 0,0; 0,0; -13,8; -2,0; 0,0; 0,0
"15641610 Botilbud m.v. til yngre fysisk handicappede "; 0,0; 0,0; -13,8; 0,0; 0,0; 0,0
"15641620 Botilbud, indhold og aktiviteter "; 0,0; 0,0; 0,0; -2,0; 0,0; 0,0
"156417 Handicappedes botilbud "; 0,0; 0,0; 90,0; 152,0; 150,0; 0,0
"15641710 Handicappedes botilbud "; 0,0; 0,0; 90,0; 152,0; 150,0; 0,0
"157 Øvrige bistandsordninger "; 0,0; 0,0; 205,7; 110,7; 112,7; 84,0
"1574 Bistand, psykiatriske patienter "; 0,0; 0,0; 0,0; 0,0; 0,0; 0,0
"157410 Sociale tilbud til personer med sindslidelser "; 0,0; 0,0; 0,0; 0,0; 0,0; 0,0
"15741010 Psykiatriaftale 2003-2006 "; 0,0; 0,0; 0,0; 0,0; 0,0; 0,0
"1575 Særligt udsatte grupper "; 0,0; 0,0; 205,7; 110,7; 112,7; 84,0
"157510 Børne- og familiepolitiske område "; 0,0; 0,0; 10,4; 9,8; 8,0; 6,3
"15751010 Børne- og familiepolitiske område "; 0,0; 0,0; 10,4; 9,8; 8,0; 6,3
"157516 Center for Rusmiddelforskning "; 0,0; 0,0; 1,8; 1,8; 1,8; 1,8
"15751610 Center for Rusmiddelforskning "; 0,0; 0,0; 1,8; 1,8; 1,8; 1,8
"157518 Forstærket indsats over for kriminelle unge "; 0,0; 0,0; 72,5; 0,5; 0,5; 0,0
"15751810 Etablering af pladser "; 0,0; 0,0; 65,0; 0,0; 0,0; 0,0
"15751820 Efteruddannelse "; 0,0; 0,0; 7,5; 0,0; 0,0; 0,0
"15751830 Evaluering "; 0,0; 0,0; 0,0; 0,5; 0,5; 0,0
"157519 Bedre tværfaglig indsats - børn af udsatte "; 0,0; 0,0; 20,0; 20,0; 20,0; 20,0
"15751910 Bedre tværfaglig indsats - børn af udsatte "; 0,0; 0,0; 20,0; 20,0; 20,0; 20,0
"157526 Pulje til socialt udsatte grupper "; 0,0; 0,0; 37,2; 17,1; 18,1; 24,5
"15752610 Pulje til socialt udsatte grupper "; 0,0; 0,0; 10,2; 9,6; 9,1; 5,5
"15752620 Prostitutionsområdet "; 0,0; 0,0; -2,0; -1,5; 0,0; 0,0
"15752641 Indsats over for unge hashmisbrugere "; 0,0; 0,0; 9,0; 9,0; 9,0; 9,0
"15752642 Øget behandlingsindsats for unge misbrugere "; 0,0; 0,0; 10,0; 0,0; 0,0; 0,0
"15752650 Social indsats over for alkoholmisbrugere "; 0,0; 0,0; 10,0; 0,0; 0,0; 10,0
"157527 Indsats mod vold mod kvinder "; 0,0; 0,0; 2,0; 1,5; 0,0; 0,0
"15752720 Initiativer til bekæmpelse af kvindehandel "; 0,0; 0,0; 2,0; 1,5; 0,0; 0,0
"157530 Pulje til ældre- og pensionsområdet "; 0,0; 0,0; 15,2; 14,1; 12,0; 7,8
"15753010 Tilskud vedrørende ældre "; 0,0; 0,0; 15,2; 14,1; 12,0; 7,8
"157532 Med familien i centrum "; 0,0; 0,0; 17,6; 12,9; 17,8; 18,6
"15753210 Med familien i centrum "; 0,0; 0,0; 17,6; 12,9; 17,8; 18,6
"157533 Pædagogiske læreplaner "; 0,0; 0,0; 14,0; 18,0; 14,5; 0,0
"15753310 Pædagogiske læreplaner "; 0,0; 0,0; 14,0; 18,0; 14,5; 0,0
"157534 Forældreprogrammer m.v. "; 0,0; 0,0; 10,0; 10,0; 15,0; 0,0
"15753410 Forældreprogrammer m.v. "; 0,0; 0,0; 10,0; 10,0; 15,0; 0,0
"157535 Socialt udsatte grønlændere i Danmark "; 0,0; 0,0; 5,0; 5,0; 5,0; 5,0
"15753510 Socialt udsatte grønlændere i Danmark "; 0,0; 0,0; 5,0; 5,0; 5,0; 5,0
"158 Sociale pensioner "; 0,0; 0,0; 572,7; 642,2; 668,7; 693,1
"1581 Folkepension "; 0,0; 0,0; 425,0; 421,0; 420,0; 418,0
"158101 Folkepension, LB 385 2000 "; 0,0; 0,0; 425,0; 421,0; 420,0; 418,0
"15810110 Folkepension til pensionister, LB 385 2000 "; 0,0; 0,0; 423,0; 419,0; 418,0; 416,0
"15810120 Pensionister i udlandet "; 0,0; 0,0; 2,0; 2,0; 2,0; 2,0
"1582 Højeste og mellemste førtidspension "; 0,0; 0,0; 346,9; 333,0; 306,5; 280,1
"158201 Højeste og mellemste førtidspension "; 0,0; 0,0; 346,9; 333,0; 306,5; 280,1
"15820110 Højeste og mellemste førtidspension, refusion"; 0,0; 0,0; 134,0; 126,0; 118,0; 110,5
"15820120 Højeste og mellemste førtidspension, refusion"; 0,0; 0,0; 24,4; 23,6; 22,0; 20,8
"15820130 Højeste og mellemste førtidspension, refusion"; 0,0; 0,0; 151,1; 150,3; 148,5; 146,1
"15820140 Udenlandske pensionister "; 0,0; 0,0; 37,4; 33,1; 18,0; 2,7
"1583 Almindelig førtidspension "; 0,0; 0,0; -27,1; 28,7; 23,6; 17,3
"158301 Almindelig førtidspension, LB 22 1998 "; 0,0; 0,0; -27,1; 28,7; 23,6; 17,3
"15830110 Almindelig førtidspension, refusion "; 0,0; 0,0; -76,3; -68,1; -61,1; -55,0
"15830120 Alm. førtidp. m. 50 pct. ref. LB 22 1988 "; 0,0; 0,0; -52,2; 0,0; 0,1; 0,1
"15830130 Alm. førtidspension med 35 pct. refusion "; 0,0; 0,0; 78,7; 73,0; 67,8; 62,7
"15830140 Førtidspension "; 0,0; 0,0; 22,7; 23,8; 16,8; 9,5
"1589 Førtidspension "; 0,0; 0,0; -172,1; -140,5; -81,4; -22,3
"158901 Førtidspension "; 0,0; 0,0; -172,1; -140,5; -81,4; -22,3
"15890110 Førtidspension med 35 pct. refusion "; 0,0; 0,0; -140,2; -127,5; -114,6; -101,7
"15890120 Førtidspension til pensionister i udlandet "; 0,0; 0,0; -31,9; -13,0; 33,2; 79,4
"16 Indenrigs- og Sundhedsministeriet "; 0,0; 0,0; -108,7; 31,1; 11,1; 11,1
"161 Fællesudgifter "; 0,0; 0,0; 28,2; 16,3; 1,3; 1,3
"1611 Centralstyrelsen "; 0,0; 0,0; 28,2; 16,3; 1,3; 1,3
"161101 Departementet "; 0,0; 0,0; 3,0; 0,0; 0,0; 0,0
"16110110 Almindelig virksomhed "; 0,0; 0,0; 3,0; 0,0; 0,0; 0,0
"161111 Sundhedsstyrelsen "; 0,0; 0,0; 5,8; 0,0; 0,0; 0,0
"16111120 Forebyggelse "; 0,0; 0,0; 5,8; 0,0; 0,0; 0,0
"161179 Reserver og budgetregulering "; 0,0; 0,0; 19,4; 16,3; 1,3; 1,3
"16117940 Reserve vedr. det kom. lov- og cirk. program "; 0,0; 0,0; 19,4; 16,3; 1,3; 1,3
"162 Forebyggelse "; 0,0; 0,0; 27,0; 34,0; 34,0; 34,0
"1621 Forebyggelse "; 0,0; 0,0; 27,0; 34,0; 34,0; 34,0
"162130 Pulje til forebyg. af uønsket graviditet "; 0,0; 0,0; 2,0; 4,0; 4,0; 4,0
"16213010 Pulje t. forebyg. af uønsket graviditet m.v. "; 0,0; 0,0; 2,0; 4,0; 4,0; 4,0
"162135 Pulje til indsats på alkoholområdet "; 0,0; 0,0; 10,0; 30,0; 30,0; 30,0
"16213510 Social- og sundhedsfag. inds. på alk.området "; 0,0; 0,0; 10,0; 30,0; 30,0; 30,0
"162148 Pulje til projekt "Narkoen ud af byen" "; 0,0; 0,0; 15,0; 0,0; 0,0; 0,0
"16214810 Pulje til projekt Narkoen ud af byen "; 0,0; 0,0; 15,0; 0,0; 0,0; 0,0
"163 Uddannelse og forskning "; 0,0; 0,0; 10,0; 0,0; 0,0; 0,0
"1633 Forskning, forsøg og analysevirksomhed "; 0,0; 0,0; 10,0; 0,0; 0,0; 0,0
"163303 Tilskud t. forskning o.l.i alternativ beh. "; 0,0; 0,0; 10,0; 0,0; 0,0; 0,0
"16330310 Tilsk. t. forsk. o.l. i alternativ behandling"; 0,0; 0,0; 10,0; 0,0; 0,0; 0,0
"1635 Forsk. og forebyg. af smits. sygdomme m.v. "; 0,0; 0,0; 0,0; 0,0; 0,0; 0,0
"163502 Statens Serum Institut "; 0,0; 0,0; 0,0; 0,0; 0,0; 0,0
"16350210 Låntagning "; 0,0; 0,0; -81,5; -185,0; -176,8; -150,0
"16350220 Investeringsbudget "; 0,0; 0,0; 81,5; 185,0; 176,8; 150,0
"165 Sygehuse m.v. "; 0,0; 0,0; 20,0; 5,0; 0,0; 0,0
"1651 Sygehuse "; 0,0; 0,0; 20,0; 5,0; 0,0; 0,0
"165155 Center for voldtægts- og voldsofre "; 0,0; 0,0; 0,0; 5,0; 0,0; 0,0
"16515510 Tilskud til center f. voldtægts- og voldsofre"; 0,0; 0,0; 0,0; 5,0; 0,0; 0,0
"165169 Pulje til oprettelse af hospicer "; 0,0; 0,0; 20,0; 0,0; 0,0; 0,0
"16516910 Pulje til oprettelse af hospicer "; 0,0; 0,0; 20,0; 0,0; 0,0; 0,0
"169 Tilskud til kommuner m.v. "; 0,0; 0,0; -193,9; -24,2; -24,2; -24,2
"1691 Tilskud til kommuner "; 0,0; 0,0; -162,3; -24,2; -24,2; -24,2
"169101 Amtskommunerne "; 0,0; 0,0; -67,7; -24,2; -24,2; -24,2
"16910160 Selvbudgettering "; 0,0; 0,0; -43,5; 0,0; 0,0; 0,0
"16910163 Reserve "; 0,0; 0,0; -24,2; -24,2; -24,2; -24,2
"169111 Kommunerne "; 0,0; 0,0; -92,4; 0,0; 0,0; 0,0
"16911160 Selvbudgettering "; 0,0; 0,0; -92,4; 0,0; 0,0; 0,0
"169119 Ford. af skattenedslag i.f.m. p.lov. skattel. "; 0,0; 0,0; -2,2; 0,0; 0,0; 0,0
"16911910 Ford. af skattenedslag i.f.m. p.lov. skattel."; 0,0; 0,0; -2,2; 0,0; 0,0; 0,0
"1695 Udlign. af kom. udg. t. merværdiafgift "; 0,0; 0,0; -31,6; 0,0; 0,0; 0,0
"169501 Udl. af kommunernes udg. til merværdiafgift "; 0,0; 0,0; -31,6; 0,0; 0,0; 0,0
"16950110 Udlign. af kom. udg. t. merværdiafgift "; 0,0; 0,0; -31,6; 0,0; 0,0; 0,0
"17 Beskæftigelsesministeriet "; 0,0; 0,0; 3328,5; 2653,8; 3357,1; 3364,9
"171 Fællesudgifter "; 0,0; 0,0; 276,6; 113,7; 276,0; 218,8
"1719 Øvrige fællesudgifter "; 0,0; 0,0; 276,6; 113,7; 276,0; 218,8
"171930 Ikke hævet feriegodtgørelse "; 0,0; 0,0; -11,3; -11,3; -11,3; -11,3
"17193010 Ikke hævet feriegodtgørelse "; 0,0; 0,0; -11,3; -11,3; -11,3; -11,3
"171934 Renteafkast af FerieKonto "; 0,0; 0,0; -100,0; 0,0; 0,0; 0,0
"17193410 Renteafkast af FerieKonto "; 0,0; 0,0; -100,0; 0,0; 0,0; 0,0
"171979 Reserver og budgetregulering "; 0,0; 0,0; 387,9; 125,0; 287,3; 230,1
"17197930 Kommunalt lov- og cirkulæreprogram "; 0,0; 0,0; 26,2; 52,4; 76,2; 85,7
"17197940 Budgetgarantireserve "; 0,0; 0,0; 311,7; 22,6; 161,1; 94,4
"17197980 Erhvervsrettet tilskud "; 0,0; 0,0; 50,0; 50,0; 50,0; 50,0
"172 Arbejdsmiljø "; 0,0; 0,0; 14,6; 13,1; 10,7; 0,0
"1721 Arbejdsmiljø "; 0,0; 0,0; 14,6; 13,1; 10,7; 0,0
"172105 Forskning og forsøg på arbejdsmiljøområdet "; 0,0; 0,0; 1,0; 1,0; 0,0; 0,0
"17210580 Motion på arbejdspladsen "; 0,0; 0,0; 1,0; 1,0; 0,0; 0,0
"172108 Arbejdsmiljøforskningsfond "; 0,0; 0,0; 13,6; 12,1; 10,7; 0,0
"17210810 Arbejdsmiljøforskningsfond "; 0,0; 0,0; 13,6; 12,1; 10,7; 0,0
"173 Arbejdsmarkedsrelateret forsørgelse "; 0,0; 0,0; 3231,2; 2759,4; 3179,0; 3221,3
"1731 Fællesudgifter "; 0,0; 0,0; 133,0; 21,4; 21,3; 21,6
"173124 ATP-bidrag for modtagere af dagpenge "; 0,0; 0,0; 78,0; 0,0; 0,0; 0,0
"17312410 ATP-indbetaling "; 0,0; 0,0; 55,0; 55,0; 55,0; 55,0
"17312420 Bidrag fra a-kasser "; 0,0; 0,0; 0,0; -27,5; -27,5; -27,5
"17312430 Indbetaling fra arbejdsgivere "; 0,0; 0,0; 0,0; -27,5; -27,5; -27,5
"17312440 Efterregulering "; 0,0; 0,0; 23,0; 0,0; 0,0; 0,0
"173129 ATP-bidrag "; 0,0; 0,0; 55,0; 21,4; 21,3; 21,6
"17312910 Refusion "; 0,0; 0,0; 42,1; 42,5; 42,3; 43,6
"17312920 Bidrag fra arbejdsgivere "; 0,0; 0,0; 12,9; -21,1; -21,0; -22,0
"1732 Arbejdsløshedsdagpenge "; 0,0; 0,0; 3400,0; 3700,0; 3700,0; 3700,0
"173201 Arbejdsløshedskasser "; 0,0; 0,0; 3400,0; 3700,0; 3700,0; 3700,0
"17320110 Statsanerk. arb.løshedskasser, dagp.udgifter "; 0,0; 0,0; 3400,0; 3700,0; 3700,0; 3700,0
"1733 Efterløn "; 0,0; 0,0; -502,5; -1087,8; -671,6; -621,6
"173301 Efterløn "; 0,0; 0,0; -502,5; -1087,8; -671,6; -621,6
"17330110 Efterløn "; 0,0; 0,0; -320,0; -780,0; -445,0; -525,0
"17330130 Skattefri præmie "; 0,0; 0,0; -182,5; -307,8; -226,6; -96,6
"1735 Kontanthjælp m.v. "; 0,0; 0,0; 356,1; 263,4; 262,2; 235,3
"173501 Kontanthjælp "; 0,0; 0,0; 237,2; 119,9; 119,9; 119,9
"17350110 Kontanthjælp "; 0,0; 0,0; 237,2; 119,9; 119,9; 119,9
"173503 Ledighedsydelse "; 0,0; 0,0; 118,9; 143,5; 142,3; 115,4
"17350320 Ledighedsydelse til pers. i visita.- og m.per"; 0,0; 0,0; 118,9; 143,5; 142,3; 115,4
"1737 Dagpenge ved barsel "; 0,0; 0,0; -39,1; -38,3; -41,6; -38,7
"173701 Dagpenge ved barsel "; 0,0; 0,0; -39,1; -38,3; -41,6; -38,7
"17370110 Barselsdagpenge "; 0,0; 0,0; -39,1; -38,3; -41,6; -38,7
"1738 Dagpenge ved sygdom "; 0,0; 0,0; -69,3; -69,3; -69,3; -69,3
"173801 Dagpenge ved sygdom "; 0,0; 0,0; -69,3; -69,3; -69,3; -69,3
"17380110 Sygedagpenge med 100% refusion "; 0,0; 0,0; -117,9; -117,9; -117,9; -117,9
"17380120 Sygedagpenge med 50% refusion "; 0,0; 0,0; 48,6; 48,6; 48,6; 48,6
"1739 Tilbagetrækning "; 0,0; 0,0; -47,0; -30,0; -22,0; -6,0
"173911 Delpension, L 226 1991 "; 0,0; 0,0; -47,0; -30,0; -22,0; -6,0
"17391110 Delpension, L 226 1991 "; 0,0; 0,0; -47,0; -30,0; -22,0; -6,0
"174 Arbejdsmarkedsservice "; 0,0; 0,0; -193,9; -232,4; -108,6; -75,2
"1746 Aktiv beskæftigelsesindsats "; 0,0; 0,0; -126,6; -142,2; -65,3; -66,3
"174641 Refusion "; 0,0; 0,0; -72,0; -73,0; -73,0; -75,0
"17464110 Vejledning "; 0,0; 0,0; -72,0; -73,0; -73,0; -75,0
"174661 Refusion "; 0,0; 0,0; -54,6; -69,2; 7,7; 8,7
"17466120 Fleksjob 100 procent refusion "; 0,0; 0,0; -282,5; -322,2; 0,0; 0,0
"17466130 Fleksjob 65 procent refusion "; 0,0; 0,0; 227,9; 253,0; 7,7; 8,7
"1748 Aktiv socialpolitik m.v. "; 0,0; 0,0; -92,8; -118,0; -71,8; -32,3
"174811 Revalideringsydelse m.v. "; 0,0; 0,0; -92,8; -118,0; -71,8; -32,3
"17481110 Revalideringsydelse med 50 procent refusion "; 0,0; 0,0; 14,5; 25,6; 46,6; 55,0
"17481120 Revalideringsydelse med 65 procent refusion "; 0,0; 0,0; -15,3; -4,6; 9,6; 9,7
"17481140 Løntilskud til revalidenter, 65 % "; 0,0; 0,0; -92,0; -139,0; -128,0; -97,0
"1749 Øvrige beskæftigelsesfremmeordninger "; 0,0; 0,0; 25,5; 27,8; 28,5; 23,4
"174909 Center for Aktiv Beskæftigelsesindsats "; 0,0; 0,0; 0,0; 3,0; 9,0; 9,0
"17490910 Center for Aktiv Beskæftigelsesindsats, løn "; 0,0; 0,0; 3,0; 1,8; 5,4; 5,4
"17490920 Aktiv beskæftigelsesindsats, øvrig drift "; 0,0; 0,0; 0,0; 1,2; 3,6; 3,6
"17490930 Aktiviteter for job på særlige vilkår "; 0,0; 0,0; -3,0; 0,0; 0,0; 0,0
"174913 Støtte til handicappede "; 0,0; 0,0; -5,2; -6,7; 0,0; 0,0
"17491310 Støtte til handicappede "; 0,0; 0,0; -5,2; -6,7; 0,0; 0,0
"174915 Arbejdsmarkedstiltag for handicappede "; 0,0; 0,0; 13,9; 13,9; 13,9; 10,9
"17491510 Arbejdsmarkedstiltag for døve og hørehæmmede "; 0,0; 0,0; 8,8; 8,8; 8,8; 8,8
"17491520 Handicappede i arbejde "; 0,0; 0,0; 2,1; 2,1; 2,1; 2,1
"17491530 Integration af udviklingshæmmede "; 0,0; 0,0; 3,0; 3,0; 3,0; 0,0
"174923 Det rummelige arbejdsmarked m.v. "; 0,0; 0,0; 1,8; 3,1; 4,6; 3,5
"17492320 Udvikling "; 0,0; 0,0; 1,8; 3,1; 4,6; 3,5
"174925 De svageste grupper på arbejdsmarkedet "; 0,0; 0,0; 6,0; 6,5; 0,0; 0,0
"17492510 De svageste grupper på arbejdsmarkedet "; 0,0; 0,0; 6,0; 6,5; 0,0; 0,0
"174926 Pulje til virksomheders sociale ansvar "; 0,0; 0,0; 4,0; 4,0; 0,0; 0,0
"17492610 Pulje til virksomheders sociale ansvar "; 0,0; 0,0; 4,0; 4,0; 0,0; 0,0
"174935 Selvaktiveringsgrupper for seniorer "; 0,0; 0,0; 5,0; 4,0; 1,0; 0,0
"17493510 Selvaktiveringsgrupper for seniorer "; 0,0; 0,0; 1,0; 1,0; 1,0; 0,0
"17493520 Integration af ledige seniorer "; 0,0; 0,0; 4,0; 3,0; 0,0; 0,0
"18 Integrationsministeriet "; 0,0; 0,0; -150,2; -82,0; 14,8; 17,7
"181 Fællesudgifter "; 0,0; 0,0; 3,5; 3,5; 3,5; 3,5
"1811 Centralstyrelsen "; 0,0; 0,0; 3,5; 3,5; 3,5; 3,5
"181101 Departementet "; 0,0; 0,0; 3,5; 3,5; 3,5; 3,5
"18110110 Almindelig virksomhed "; 0,0; 0,0; 3,5; 3,5; 3,5; 3,5
"183 Integration "; 0,0; 0,0; -153,7; -85,5; 11,3; 14,2
"1831 Introduktionsprogram og danskundervisning "; 0,0; 0,0; -177,2; -119,0; -23,6; -0,6
"183101 Introduktionsprogram m.v. for udlændinge "; 0,0; 0,0; -177,2; -159,1; -79,6; -7,1
"18310110 Introduktionsydelse "; 0,0; 0,0; -20,4; -20,9; -8,8; -0,2
"18310120 Hjælp i særlige tilfælde "; 0,0; 0,0; -6,6; -6,6; -2,7; 0,0
"18310130 Grundtilskud "; 0,0; 0,0; -80,8; -80,8; -33,7; -0,1
"18310140 Tilsk. vedr. delt. i det samlede intro.prog. "; 0,0; 0,0; -30,9; -32,1; -12,7; -0,2
"18310150 Tilsk. vedr. delt. i dk.underv. + samf.forstå"; 0,0; 0,0; -36,9; -15,6; -0,6; -0,1
"18310160 Tilsk. vedr. delt. i særs. tilret. dk.underv."; 0,0; 0,0; -1,6; -3,1; -1,3; 0,0
"18310170 Tilskud efter udløb af introduktionsperioden "; 0,0; 0,0; 0,0; 0,0; -19,8; -6,5
"183179 Reserve "; 0,0; 0,0; 0,0; 40,1; 56,0; 6,5
"18317910 Reserve "; 0,0; 0,0; 0,0; 40,1; 56,0; 6,5
"1832 Indsats vedr. integration på arbejdsmarkedet "; 0,0; 0,0; 16,1; 13,4; 10,4; 8,4
"183215 nedb. af barrierer for beskæftigelse "; 0,0; 0,0; 2,4; 2,4; 2,4; 2,4
"18321554 Virksomhedsnetværk (Boruplund) "; 0,0; 0,0; 2,4; 2,4; 2,4; 2,4
"183216 Virksomh. forsøgs- og udvik.akt. f. flygt. "; 0,0; 0,0; 8,0; 7,0; 6,0; 6,0
"18321640 Virksomhedsrettet integration af nydanskere "; 0,0; 0,0; 8,0; 7,0; 6,0; 6,0
"183218 Pulje til projekter for svage grupper "; 0,0; 0,0; 2,0; 2,0; 0,0; 0,0
"18321820 Handicappede indvandrere i arbejde "; 0,0; 0,0; 2,0; 2,0; 0,0; 0,0
"183221 Uddannelses- og erhvervsvalg "; 0,0; 0,0; 3,7; 2,0; 2,0; 0,0
"18322110 Uddannelses- og erhvervsvalg "; 0,0; 0,0; 3,7; 2,0; 2,0; 0,0
"1833 Indsats vedr. boligområder m.v. "; 0,0; 0,0; 3,4; 2,4; 1,4; 0,0
"183314 Idræts- og foreningslivet "; 0,0; 0,0; 2,0; 1,0; 0,0; 0,0
"18331420 Det frivillige foreningsliv "; 0,0; 0,0; 2,0; 1,0; 0,0; 0,0
"183316 Øget kommunal indsats for utilpassede unge "; 0,0; 0,0; 0,0; 0,0; 0,0; 0,0
"18331610 utilpassede unge "; 0,0; 0,0; 0,0; 0,0; 0,0; 0,0
"183319 Styrket indsats "; 0,0; 0,0; 1,4; 1,4; 1,4; 0,0
"18331910 Styrk. inds. o.f. socialt uds. flygt. + indv."; 0,0; 0,0; 1,4; 1,4; 1,4; 0,0
"1834 Øvrige integrationsinitiativer m.v. "; 0,0; 0,0; 4,0; 17,7; 23,1; 6,4
"183401 Tilskud vedrørende indvandrere og flygtninge "; 0,0; 0,0; 4,0; 2,7; 8,1; 6,4
"18340170 Familierelateret vold, tvangsægteskaber m.v. "; 0,0; 0,0; 1,3; 0,0; 6,4; 6,4
"18340180 Integrationsfremmende initiativer "; 0,0; 0,0; 2,7; 2,7; 1,7; 0,0
"183405 Tilskud til Dansk Flygtningehjælp "; 0,0; 0,0; 0,0; 15,0; 15,0; 0,0
"18340520 Info., oplysnings- og frivilligarbejde "; 0,0; 0,0; 0,0; 15,0; 15,0; 0,0
"19 Videnskabsministeriet "; 0,0; 0,0; 100,1; 139,8; 157,9; 162,9
"191 Fællesudgifter "; 0,0; 0,0; -60,6; -4,9; -4,8; -2,8
"1911 Centralstyrelsen "; 0,0; 0,0; -54,0; -10,8; -10,8; -8,3
"191101 Departementet "; 0,0; 0,0; 1,0; 1,0; 1,0; 1,0
"19110110 Almindelig virksomhed "; 0,0; 0,0; 1,0; 1,0; 1,0; 1,0
"191104 IT- og Telestyrelsen "; 0,0; 0,0; -27,8; 1,2; 1,2; 1,2
"19110410 Driftsbudget "; 0,0; 0,0; -27,8; 1,2; 1,2; 1,2
"191105 Statens Forsknings- og Uddannelsesbygninger "; 0,0; 0,0; 0,0; 0,0; 0,0; 0,0
"19110510 Almindelig virksomhed "; 0,0; 0,0; -16,3; -15,8; -15,8; -15,8
"19110540 Finansiering "; 0,0; 0,0; 13,6; 13,4; 13,0; 12,9
"19110570 Resultat "; 0,0; 0,0; 2,7; 2,4; 2,8; 2,9
"191106 Statens Forsknings- og Uddannelsesbygninger "; 0,0; 0,0; 0,0; 0,0; 0,0; 0,0
"19110620 Investeringer "; 0,0; 0,0; 160,6; 0,0; 0,0; 0,0
"19110630 Låntagning "; 0,0; 0,0; -160,6; 0,0; 0,0; 0,0
"19110640 Medfinansiering fra institutioner "; 0,0; 0,0; 0,0; 0,0; 0,0; 0,0
"191109 Tværgående byggebevillinger "; 0,0; 0,0; -3,6; 0,0; 0,0; 0,0
"19110940 Erhvervelse af byggeretter "; 0,0; 0,0; -3,6; 0,0; 0,0; 0,0
"191110 Generelle reserver og udredninger "; 0,0; 0,0; -19,1; -10,5; -10,5; -10,5
"19111010 Generelle reserver "; 0,0; 0,0; -19,1; -10,5; -10,5; -10,5
"191179 Reserver og budgetregulering "; 0,0; 0,0; -4,5; -2,5; -2,5; 0,0
"19117960 Reserve til erhvervsrettede IT-initiativer "; 0,0; 0,0; -4,5; -2,5; -2,5; 0,0
"1915 Internationalt forskningssamarbejde "; 0,0; 0,0; -8,4; -6,1; -6,0; -6,5
"191501 Obligatoriske internationale programmer "; 0,0; 0,0; -8,4; -6,1; -6,0; -6,5
"19150110 CERN "; 0,0; 0,0; -6,5; -6,5; -6,5; -6,5
"19150112 ESA "; 0,0; 0,0; -2,1; 0,0; 0,0; 0,0
"19150114 EMBL "; 0,0; 0,0; 0,2; 0,4; 0,5; 0,0
"1917 Nye forskningsprogrammer "; 0,0; 0,0; 1,8; 12,0; 12,0; 12,0
"191703 Strategiske forskningsprogrammer "; 0,0; 0,0; -4,6; 0,0; 0,0; 0,0
"19170320 Farlige stoffers betydn. f. miljø og sundhed "; 0,0; 0,0; -4,6; 0,0; 0,0; 0,0
"191704 Andre programaktiviteter "; 0,0; 0,0; 6,4; 12,0; 12,0; 12,0
"19170414 Søren Kierkegaardcenteret "; 0,0; 0,0; 2,5; 0,0; 0,0; 0,0
"19170445 Innovative Universiteter "; 0,0; 0,0; 5,0; 12,0; 12,0; 12,0
"19170475 Indlejring af statens forskningsprogrammer "; 0,0; 0,0; -1,1; 0,0; 0,0; 0,0
"192 Forskning og universitetsuddannelser "; 0,0; 0,0; 74,4; 105,5; 122,7; 114,7
"1922 Universiteter "; 0,0; 0,0; 75,0; 108,4; 132,8; 127,8
"192201 Københavns Universitet "; 0,0; 0,0; 1,3; -0,6; 10,5; 5,1
"19220110 Almindelig virksomhed "; 0,0; 0,0; 1,3; -0,6; 10,5; 5,1
"192205 Aarhus Universitet "; 0,0; 0,0; 1,3; 5,7; 8,2; 12,6
"19220510 Almindelig virksomhed "; 0,0; 0,0; 1,3; 5,7; 8,2; 12,6
"192211 Syddansk Universitet "; 0,0; 0,0; 19,1; 23,8; 28,2; 28,5
"19221110 Almindelig virksomhed "; 0,0; 0,0; 19,1; 23,8; 28,2; 28,5
"192215 Roskilde Universitetscenter "; 0,0; 0,0; 1,8; 8,4; 17,2; 18,9
"19221510 Almindelig virksomhed "; 0,0; 0,0; 1,8; 8,4; 17,2; 18,9
"192217 Aalborg Universitet "; 0,0; 0,0; 14,7; 16,8; 12,2; 9,6
"19221710 Almindelig virksomhed "; 0,0; 0,0; 14,7; 16,8; 12,2; 9,6
"192221 Handelshøjskolen i København "; 0,0; 0,0; 9,0; 17,9; 26,3; 30,0
"19222110 Almindelig virksomhed "; 0,0; 0,0; 9,0; 17,9; 26,3; 30,0
"192225 Handelshøjskolen i Århus "; 0,0; 0,0; 1,5; 2,7; 5,1; 5,9
"19222510 Almindelig virksomhed "; 0,0; 0,0; 1,5; 2,7; 5,1; 5,9
"192229 Danmarks Farmaceutiske Universitet "; 0,0; 0,0; -1,3; -1,4; -0,8; -1,2
"19222910 Almindelig virksomhed "; 0,0; 0,0; -1,3; -1,4; -0,8; -1,2
"192233 Den Kgl. Veterinær- og Landbohøjskole "; 0,0; 0,0; 4,9; 5,6; 5,2; 3,3
"19223310 Almindelig virksomhed "; 0,0; 0,0; 4,9; 5,6; 5,2; 3,3
"192237 Danmarks Tekniske Universitet "; 0,0; 0,0; 14,4; 22,9; 15,9; 13,4
"19223710 Tilskud m.v. "; 0,0; 0,0; 14,4; 22,9; 15,9; 13,4
"192241 Danmarks Pædagogiske Universitet "; 0,0; 0,0; 11,7; 10,3; 9,0; 6,5
"19224110 Tilskud m.v. "; 0,0; 0,0; 11,7; 10,3; 9,0; 6,5
"192245 IT-Universitetet i København "; 0,0; 0,0; -3,4; -3,7; -4,2; -4,8
"19224510 Almindelig virksomhed "; 0,0; 0,0; -3,4; -3,7; -4,2; -4,8
"1925 Særlige tilskud "; 0,0; 0,0; -0,6; -2,9; -10,1; -13,1
"192505 Fællesbevillinger "; 0,0; 0,0; -0,4; -2,7; -9,9; -12,9
"19250525 Geocenter "; 0,0; 0,0; 4,5; 10,2; 10,2; 10,2
"19250540 Huslejeregulering "; 0,0; 0,0; -4,9; -12,8; -20,1; -23,1
"19250550 Omstillingsreserve "; 0,0; 0,0; 0,0; -0,1; 0,0; 0,0
"192513 Internationalt samarbejde "; 0,0; 0,0; -0,2; -0,2; -0,2; -0,2
"19251310 Internationalt samarbejde "; 0,0; 0,0; -0,1; -0,1; -0,1; -0,1
"19251320 Lektoratsordningen "; 0,0; 0,0; -0,1; -0,1; -0,1; -0,1
"194 Forskningsråd og forskeruddannelse "; 0,0; 0,0; -9,3; -28,3; -27,5; -13,7
"1941 Forskningsråd "; 0,0; 0,0; 15,0; 0,0; 0,0; 0,0
"194111 Det Strategiske Forskningsråd "; 0,0; 0,0; 15,0; 0,0; 0,0; 0,0
"19411110 Det Strategiske Forskningsråd "; 0,0; 0,0; 15,0; 0,0; 0,0; 0,0
"1942 Forskeruddannelse "; 0,0; 0,0; -24,3; -28,3; -27,5; -13,7
"194201 Forskeruddannelse "; 0,0; 0,0; -24,3; -28,3; -27,5; -13,7
"19420130 Forskeruddannelse "; 0,0; 0,0; -24,3; -28,3; -27,5; -13,7
"195 Forskningsinstitutioner "; 0,0; 0,0; 3,3; 3,3; 3,3; 3,3
"1955 Særlige Forskningsinstitutioner "; 0,0; 0,0; 3,3; 3,3; 3,3; 3,3
"195501 Dansk Rumforskningsinstitut "; 0,0; 0,0; 3,0; 3,0; 3,0; 3,0
"19550110 Almindelig virksomhed "; 0,0; 0,0; 3,0; 3,0; 3,0; 3,0
"195540 Tilskud til forskningsinstitutioner "; 0,0; 0,0; 0,3; 0,3; 0,3; 0,3
"19554050 Europæisk Center for Mindretalsspørgsmål "; 0,0; 0,0; 0,3; 0,3; 0,3; 0,3
"196 IT-, Tele- og Oplysningsområdet "; 0,0; 0,0; 41,8; 12,7; 12,7; 12,4
"1963 Udlån og kapitalindtægter "; 0,0; 0,0; 12,8; 12,7; 12,7; 12,4
"196304 Frekvens- og nummerafgifter "; 0,0; 0,0; 12,8; 12,7; 12,7; 12,4
"19630410 Frekvens- og nummerafgifter "; 0,0; 0,0; 12,8; 12,7; 12,7; 12,4
"1965 IT-området "; 0,0; 0,0; 29,0; 0,0; 0,0; 0,0
"196501 Netværkssamfundet "; 0,0; 0,0; 29,0; 0,0; 0,0; 0,0
"19650110 Informationsteknologiske initiativer "; 0,0; 0,0; 0,0; 0,0; 0,0; 0,0
"19650165 Danmark på nettet "; 0,0; 0,0; 10,0; 0,0; 0,0; 0,0
"19650170 Den digitale forvaltning "; 0,0; 0,0; 19,0; 0,0; 0,0; 0,0
"197 Kompetence og teknologi "; 0,0; 0,0; 50,5; 51,5; 51,5; 49,0
"1974 Udvikling af kompetence og teknologi m.v. "; 0,0; 0,0; 50,5; 51,5; 51,5; 49,0
"197401 Udvikling af kompetence og teknologi m.v. "; 0,0; 0,0; 50,5; 51,5; 51,5; 49,0
"19740110 Internationale samarbejder m.v. "; 0,0; 0,0; -2,0; 1,0; 1,0; 1,0
"19740121 Innovationskonsortier m.v. "; 0,0; 0,0; 3,0; 3,0; 3,0; 3,0
"19740122 Vidennetværk m.v. "; 0,0; 0,0; 22,0; 22,0; 22,0; 22,0
"19740130 Erhvervsph.d. m.v. "; 0,0; 0,0; 13,0; 13,0; 13,0; 13,0
"19740166 Iværksætterakademi "; 0,0; 0,0; 10,0; 10,0; 10,0; 10,0
"19740180 Crossroads Copenhagen "; 0,0; 0,0; 4,5; 2,5; 2,5; 0,0
"20 Undervisningsministeriet "; 0,0; 0,0; -56,3; 23,9; -211,4; -281,0
"201 Administration m.m. "; 0,0; 0,0; -68,3; -39,5; -70,6; -73,2
"2011 Centralstyrelsen "; 0,0; 0,0; -68,3; -39,5; -70,6; -73,2
"201101 Undervisningsministeriets departement "; 0,0; 0,0; -14,8; -14,4; -14,1; -13,8
"20110110 Almindelig virksomhed "; 0,0; 0,0; -14,8; -14,4; -14,1; -13,8
"201177 Momskompensationsordning for selvejende insti "; 0,0; 0,0; -48,8; -43,0; -38,8; -36,1
"20117710 Momsrefusionsordning "; 0,0; 0,0; -48,8; -43,0; -38,8; -36,1
"201179 Reserver og budgetregulering "; 0,0; 0,0; -4,7; 17,9; -17,7; -23,3
"20117910 Budgetregulering "; 0,0; 0,0; 145,3; 217,3; 217,3; 217,3
"20117911 Lønreserve "; 0,0; 0,0; -0,3; -0,3; -0,3; -0,3
"20117944 Reserve til initiativer der medfører kommunal"; 0,0; 0,0; 15,0; 15,0; 15,0; 15,0
"20117950 IT og folkeskolen "; 0,0; 0,0; -75,0; -120,0; -150,0; -150,0
"20117980 Omstillingsreserve "; 0,0; 0,0; -89,7; -94,1; -99,7; -90,3
"20117985 Omprioriteringsreserve til højt prioriterede "; 0,0; 0,0; 0,0; 0,0; 0,0; -15,0
"202 Grundskolen "; 0,0; 0,0; 111,6; 162,5; 198,7; 197,8
"2022 Frie grundskoler, efterskoler og ungdomskost "; 0,0; 0,0; 48,2; 57,5; 62,6; 75,2
"202201 Frie grundskoler m.v. "; 0,0; 0,0; 14,9; -2,8; -2,7; -1,7
"20220110 Generelle driftstilskud "; 0,0; 0,0; 19,8; 8,3; 8,3; 8,3
"20220111 Bygningstilskud "; 0,0; 0,0; 2,0; 1,7; 1,4; 1,4
"20220115 Tilskud til svært handicappede "; 0,0; 0,0; 0,4; 0,4; 0,4; 0,4
"20220120 Kostafdelinger ved frie grundskoler "; 0,0; 0,0; -7,3; -7,3; -7,3; -7,3
"20220135 Skolefritidsordninger "; 0,0; 0,0; 0,0; -5,9; -5,5; -4,5
"202211 Efterskoler "; 0,0; 0,0; 66,0; 75,6; 78,0; 83,0
"20221115 Driftstilskud "; 0,0; 0,0; 1,3; 4,9; 1,8; 1,8
"20221125 Bygningstilskud "; 0,0; 0,0; -0,4; 0,9; 0,3; 0,2
"20221130 Tilskud til svært handicappede "; 0,0; 0,0; 2,7; 2,7; 2,7; 2,7
"20221135 Tilskud til specialundervisning "; 0,0; 0,0; 0,4; 0,2; 0,2; 0,2
"20221140 Tillægstakster til særligt prioriterede elev "; 0,0; 0,0; 62,0; 66,9; 73,0; 78,1
"202222 Kommunale og amtskommunale bidr. efterskoler "; 0,0; 0,0; -32,7; -15,3; -12,7; -6,1
"20222210 Kommunale bidrag vedrørende frie grundskoler "; 0,0; 0,0; -28,0; -16,4; -13,8; -7,2
"20222220 Amtskommunale bidrag "; 0,0; 0,0; -0,4; -0,4; -0,4; -0,4
"20222230 Kommunale bidrag vedrørende efterskoler "; 0,0; 0,0; -5,8; 0,0; 0,0; 0,0
"20222240 Amtskommunale bidrag vedrørende efterskoler "; 0,0; 0,0; 1,5; 1,5; 1,5; 1,5
"2029 Forsøg og udvikling m.v. grundskolen "; 0,0; 0,0; 63,4; 105,0; 136,1; 122,6
"202901 Forsøgs- og udviklingsarbejde m.v. grundsk. "; 0,0; 0,0; -1,3; -4,7; -3,6; -17,4
"20290110 Udvikling og efteruddannelse m.v. "; 0,0; 0,0; -1,1; -4,5; -3,4; -2,4
"20290130 IT-pulje til efterskoler "; 0,0; 0,0; -15,2; -15,2; -15,2; -15,0
"20290160 IT-pulje til de frie grundskoler "; 0,0; 0,0; 15,0; 15,0; 15,0; 0,0
"202906 Pulje til særlig indsats på efterskoler "; 0,0; 0,0; -10,3; -10,3; -10,3; -10,0
"20290610 Pulje til indsats over for børn med behov ef."; 0,0; 0,0; -10,3; -10,3; -10,3; -10,0
"202907 IT i Folkeskolen "; 0,0; 0,0; 75,0; 120,0; 150,0; 150,0
"20290710 Tilskud til projektet IT i folkeskolen "; 0,0; 0,0; 75,0; 120,0; 150,0; 150,0
"203 Erhvervsrettede ungdomsuddannelser "; 0,0; 0,0; 1035,3; 932,4; 658,8; 466,1
"2031 Erhvervsuddannelser "; 0,0; 0,0; 1054,2; 948,6; 674,7; 439,2
"203101 Erhvervsuddannelser "; 0,0; 0,0; -66,9; 72,4; 51,1; 5,0
"20310110 Taxametertilskud til uddannelser "; 0,0; 0,0; 5,6; 56,7; 37,3; -0,9
"20310120 Taxametertilskud til fællesudgifter "; 0,0; 0,0; -38,0; 7,1; 6,4; 2,3
"20310125 Aktivitetsbestemte bygningstaxametertilskud "; 0,0; 0,0; -34,5; 8,6; 7,4; 3,6
"203111 Arbejdsgivernes Elevrefusion "; 0,0; 0,0; 1079,9; 904,3; 728,5; 590,8
"20311110 Indbetaling fra virksomheder til skolepraktik"; 0,0; 0,0; 369,5; 354,3; 344,9; 343,4
"20311120 Udbetaling af tilskud til lønrefusion "; 0,0; 0,0; -3,7; -3,7; -3,7; -3,7
"20311130 Tilskud til praktikpladsaftaler "; 0,0; 0,0; 95,0; 95,0; 95,0; 45,0
"20311150 befordringstilskud til skolepraktikelever "; 0,0; 0,0; 35,0; 35,0; 35,0; 35,0
"20311160 Elevgodtgørelse og skolepraktikydelse "; 0,0; 0,0; 584,1; 423,7; 257,3; 171,1
"203112 Skolepraktik "; 0,0; 0,0; 41,2; -28,1; -104,9; -156,6
"20311210 Undervisningstaxametertilskud "; 0,0; 0,0; 31,1; -14,2; -64,9; -103,4
"20311220 Taxametertilskud til fællesudgifter "; 0,0; 0,0; 5,7; -8,1; -23,0; -30,6
"20311225 Bygningstaxametertilskud "; 0,0; 0,0; 4,4; -5,8; -17,0; -22,6
"2033 Landbrugets grunduddannelse "; 0,0; 0,0; -3,7; -1,3; 0,2; 0,9
"203301 Landbrugets grunduddannelse "; 0,0; 0,0; -3,7; -1,3; 0,2; 0,9
"20330110 Taxametertilskud til uddannelser "; 0,0; 0,0; -1,5; -0,1; 0,7; 1,1
"20330120 Taxametertilskud til fællesudgifter "; 0,0; 0,0; -1,2; -0,7; -0,3; -0,1
"20330125 Aktivitetsbestemte bygningstaxametertilskud "; 0,0; 0,0; -1,0; -0,5; -0,2; -0,1
"2034 Adgangsgivende kurser m.v. "; 0,0; 0,0; -8,0; -7,7; -7,6; -7,4
"203401 Adgangsgivende kurser m.v. "; 0,0; 0,0; -8,0; -7,7; -7,6; -7,4
"20340110 Taxametertilskud til uddannelser "; 0,0; 0,0; -7,1; -6,8; -6,8; -6,6
"20340120 Taxametertilskud til fællesudgifter "; 0,0; 0,0; -0,9; -0,9; -0,8; -0,8
"2038 Tilskud m.v. til institutioner for erhvervs. "; 0,0; 0,0; 35,0; 35,0; 33,7; 33,7
"203802 Grundtilskud m.v. til erhvervsskoler "; 0,0; 0,0; 1,3; 1,3; 0,0; 0,0
"20380215 Grundtilskud erhvervsrettet uddannelse "; 0,0; 0,0; 1,3; 1,3; 0,0; 0,0
"203804 Ikke-aktivitetsbest. bygningstaxa. m.v. "; 0,0; 0,0; 33,7; 33,7; 33,7; 33,7
"20380426 Øvrige elementer i bygningstaxameterordningen"; 0,0; 0,0; 33,7; 33,7; 33,7; 33,7
"2039 Forsøg og udvikling m.v., ungdomsuddannelser "; 0,0; 0,0; -42,2; -42,2; -42,2; -0,3
"203901 Tilskudspuljer til forsøg, udvik. og uddann. "; 0,0; 0,0; -42,2; -42,2; -42,2; -0,3
"20390110 Udvikling m.v. "; 0,0; 0,0; -0,3; -0,3; -0,3; -0,3
"20390140 Forsøg med fleksible uddannelsesaftale "; 0,0; 0,0; 5,1; 5,1; 5,1; 0,0
"20390145 generel styrkelse af det praktikpladsopsøgen "; 0,0; 0,0; 3,0; 3,0; 3,0; 0,0
"20390160 Fornyelse af erhvervsuddannelserne "; 0,0; 0,0; -56,2; -56,2; -56,2; 0,0
"20390165 Udvikling af nye korte erhvervsuddannelser "; 0,0; 0,0; 6,2; 6,2; 6,2; 0,0
"204 Gymnasiale uddannelser "; 0,0; 0,0; 23,3; 38,4; 54,4; 56,6
"2041 Erhvervsgymnasiale uddannelser "; 0,0; 0,0; 20,5; 37,3; 52,6; 54,7
"204101 Erhvervsgymnasiale uddannelser "; 0,0; 0,0; 20,5; 37,3; 52,6; 54,7
"20410110 Taxametertilskud til uddannelser "; 0,0; 0,0; 20,1; 34,2; 45,2; 45,3
"20410120 Taxametertilskud til fællesudgifter "; 0,0; 0,0; 0,1; 1,6; 4,1; 5,3
"20410125 Aktivitetsbestemte bygningstaxametertilskud "; 0,0; 0,0; 0,3; 1,5; 3,3; 4,1
"2042 Offentlig gymnasie- og hf-uddannelse "; 0,0; 0,0; -1,1; -1,1; -1,1; -1,1
"204201 Hf-kurser ved Centre for Videregående Udd. "; 0,0; 0,0; -1,1; -1,1; -1,1; -1,1
"20420110 Hf-kurser ved Centre for Videregående Udd. "; 0,0; 0,0; -1,2; -1,2; -1,2; -1,2
"20420115 Tilskud til svært handicappede "; 0,0; 0,0; 0,1; 0,1; 0,1; 0,1
"2043 Privat gymnasie- og hf-uddannelse m.v. "; 0,0; 0,0; 3,9; 3,9; 3,9; 3,9
"204301 Private gymnasier og hf-kurser m.v. "; 0,0; 0,0; 11,9; 11,9; 11,9; 11,9
"20430110 Generelle driftstilskud "; 0,0; 0,0; 8,9; 8,9; 8,9; 8,9
"20430111 Bygningstilskud "; 0,0; 0,0; 0,9; 0,9; 0,9; 0,9
"20430120 Tilskud til kostafdelinger ved private gym. "; 0,0; 0,0; 1,4; 1,4; 1,4; 1,4
"20430130 Elevstøtte til elever ved private gymnasier "; 0,0; 0,0; 0,7; 0,7; 0,7; 0,7
"204303 Amtskommunale bidrag vedrørende gym. og hf "; 0,0; 0,0; -8,0; -8,0; -8,0; -8,0
"20430310 Gymnasier og hf-kurser, amtskommunale bidrag "; 0,0; 0,0; -8,0; -8,0; -8,0; -8,0
"2049 Forsøgsvirks. og udviklingsarb. i forb. gym. "; 0,0; 0,0; 0,0; -1,7; -1,0; -0,9
"204901 Forsøgs- og udviklingsarbejde m.v. gym. udd. "; 0,0; 0,0; 0,0; -1,7; -1,0; -0,9
"20490110 Udvikling og efteruddannelse m.v. "; 0,0; 0,0; 0,0; -1,7; -1,0; -0,9
"205 Andre ungdomsuddannelser m.v. "; 0,0; 0,0; 15,6; 13,1; 13,2; 13,2
"2051 Andre ungdomsuddannelser "; 0,0; 0,0; 10,6; 8,1; 8,2; 8,2
"205111 Produktionsskoler "; 0,0; 0,0; 6,9; 4,5; 4,5; 4,5
"20511110 Taxametertilskud til drift "; 0,0; 0,0; 4,5; 4,5; 4,5; 4,5
"20511120 Bygningstaxametertilskud "; 0,0; 0,0; 2,4; 0,0; 0,0; 0,0
"205112 Skoleydelse ved produktionsskoler "; 0,0; 0,0; 3,7; 3,6; 3,7; 3,7
"20511210 Skoleydelse "; 0,0; 0,0; 1,7; 1,6; 1,7; 1,7
"20511220 Løn til produktionsskolelærlinge "; 0,0; 0,0; 2,0; 2,0; 2,0; 2,0
"2059 Forsøg og udvikling m.v. "; 0,0; 0,0; 5,0; 5,0; 5,0; 5,0
"205901 Forsøgs- og udviklingsarbejde m.v. "; 0,0; 0,0; 5,0; 5,0; 5,0; 5,0
"20590130 Igangsættelsestilskud til udslusning "; 0,0; 0,0; 5,0; 5,0; 5,0; 5,0
"206 Videregående uddannelser "; 0,0; 0,0; -19,3; -50,8; -53,8; -54,1
"2061 Tilskud til videregående uddannelser m.v. "; 0,0; 0,0; -21,8; -45,5; -52,2; -52,5
"206101 Tilskud til videregående uddannelser "; 0,0; 0,0; -23,3; -42,0; -38,2; -38,0
"20610110 Taxametertilskud til uddannelser "; 0,0; 0,0; -23,5; -39,7; -34,0; -33,1
"20610120 Taxametertilskud til fællesudgifter "; 0,0; 0,0; 0,2; -2,3; -4,2; -4,9
"206102 Aktivitetsbestemte bygningstaxametertilskud "; 0,0; 0,0; 6,0; 1,0; -1,0; -1,5
"20610210 Bygningstaxametertilskud til korte og mll.udd"; 0,0; 0,0; 6,0; 0,9; -1,1; -1,5
"20610230 Bygningstaxameter til uddannelser "; 0,0; 0,0; 0,0; 0,1; 0,1; 0,0
"206103 Kapitaludgifter m.v., ikke-aktiv., videreg. "; 0,0; 0,0; -1,3; -1,3; -10,0; -10,0
"20610310 Kapitaludgifter "; 0,0; 0,0; 0,0; 0,0; -10,0; -10,0
"20610316 Grundtilskud til selvejende institutioner "; 0,0; 0,0; -1,3; -1,3; 0,0; 0,0
"206104 Særlige bevillinger "; 0,0; 0,0; -3,2; -3,2; -3,0; -3,0
"20610414 Videregående uddannelsesinst. "; 0,0; 0,0; 0,0; 0,0; 0,0; 0,0
"20610450 Godtgørelse til skovarbejdere "; 0,0; 0,0; -3,2; -3,2; -3,0; -3,0
"2062 Institutioner med mellemlange videreg. udd. "; 0,0; 0,0; 0,0; 0,0; 0,0; 0,0
"206215 Danmarks Journalisthøjskole "; 0,0; 0,0; 0,0; 0,0; 0,0; 0,0
"20621510 Almindelig virksomhed "; 0,0; 0,0; 0,0; 0,0; 0,0; 0,0
"2069 Forsøg og udvikling m.v. "; 0,0; 0,0; 2,5; -5,3; -1,6; -1,6
"206901 Forsøgs- og udviklingsarbejde m.v. "; 0,0; 0,0; 2,5; -5,3; -1,6; -1,6
"20690110 Udvikling m.v. "; 0,0; 0,0; 0,0; -7,8; -4,1; -4,1
"20690121 Institutionsudvikling på de videregående udd."; 0,0; 0,0; 2,5; 2,5; 2,5; 2,5
"207 Folkeoplysning samt voksen-, efter- og vid. "; 0,0; 0,0; -165,3; -167,0; -172,5; -158,9
"2071 Folkeoplysning "; 0,0; 0,0; 35,8; 37,0; 24,4; 19,8
"207101 Folkehøjskoler "; 0,0; 0,0; 31,0; 31,5; 20,2; 15,9
"20710115 Driftstilskud "; 0,0; 0,0; 14,9; 14,6; 5,9; 2,5
"20710120 Tilskud til nedsættelse af egenbetaling "; 0,0; 0,0; 17,0; 14,9; 14,1; 13,8
"20710125 Bygningstilskud "; 0,0; 0,0; 0,1; 3,0; 1,2; 0,5
"20710130 Tilskud til svært handicappede "; 0,0; 0,0; 0,4; 0,4; 0,4; 0,4
"20710135 Tilskud til specialundervisning "; 0,0; 0,0; 0,2; 0,1; 0,1; 0,1
"20710140 Tillægstakster til særligt prioriterede elev "; 0,0; 0,0; -1,6; -0,8; -0,6; -0,3
"20710145 Elevstøtte "; 0,0; 0,0; 0,5; -0,2; -0,4; -0,6
"20710150 Elevstøtte for elever under 18 år "; 0,0; 0,0; -0,5; -0,5; -0,5; -0,5
"207105 Kommunale bidrag vedrørende ungdomshøjskoler "; 0,0; 0,0; 0,5; 0,5; 0,5; 0,5
"20710510 Kommunale bidrag vedrørende ungdomshøjskoler "; 0,0; 0,0; 0,5; 0,5; 0,5; 0,5
"207111 Husholdningsskoler og håndarbejdsskoler "; 0,0; 0,0; 2,5; 3,1; 3,1; 3,1
"20711115 Driftstilskud "; 0,0; 0,0; -0,2; 0,0; 0,0; 0,0
"20711120 Tilskud til nedsættelse af egenbetaling "; 0,0; 0,0; 1,9; 1,9; 1,8; 1,8
"20711140 Tillægstakster til særligt prioriterede elevg"; 0,0; 0,0; 0,8; 1,1; 1,2; 1,2
"20711150 Elevstøtte for elever under 18 år "; 0,0; 0,0; 0,0; 0,1; 0,1; 0,1
"207112 Kommunale og amtskommunale bidrag "; 0,0; 0,0; 0,2; 0,0; 0,0; 0,0
"20711210 Kommunale bidrag vedrørende hus.- og hånd "; 0,0; 0,0; 0,2; 0,0; 0,0; 0,0
"207121 Grundtilskud m.v. til folkehøjsk. hus og hånd "; 0,0; 0,0; 0,6; 1,9; 0,6; 0,3
"20712115 Grundtilskud til folkehøjskoler "; 0,0; 0,0; 0,6; 1,9; 0,6; 0,3
"207141 Diverse tilskud "; 0,0; 0,0; 1,0; 0,0; 0,0; 0,0
"20714150 Nye EU-medlemslande, deltagere på folkehøjsk."; 0,0; 0,0; 1,0; 0,0; 0,0; 0,0
"2072 Arbejdsmarkedsuddannelser m.v. "; 0,0; 0,0; -229,5; -230,3; -230,3; -212,7
"207201 Arbejdsmarkedsuddannelser m.v. "; 0,0; 0,0; 849,8; 849,8; 849,8; 849,8
"20720110 Taxametertilskud til uddannelser "; 0,0; 0,0; 477,4; 477,4; 477,4; 477,4
"20720120 Taxametertilskud til fællesudgifter "; 0,0; 0,0; 258,5; 258,5; 258,5; 258,5
"20720130 Taxametertilskud til bygningsudgifter "; 0,0; 0,0; 113,9; 113,9; 113,9; 113,9
"207203 Åben uddannelse og deltidsuddannelser, REVE "; 0,0; 0,0; 150,9; 150,9; 150,9; 150,9
"20720310 Taxametertilskud til uddannelser "; 0,0; 0,0; 105,5; 105,5; 105,5; 105,5
"20720320 Taxametertilskud til fællesudgifter "; 0,0; 0,0; 27,0; 27,0; 27,0; 27,0
"20720330 Taxametertilskud til bygningsudgifter "; 0,0; 0,0; 18,4; 18,4; 18,4; 18,4
"207213 AMU "; 0,0; 0,0; -977,4; -977,4; -977,4; -977,4
"20721310 Taxametertilskud til uddannelser "; 0,0; 0,0; -546,9; -546,9; -546,9; -546,9
"20721320 Taxametertilskud til fællesudgifter "; 0,0; 0,0; -275,3; -275,3; -275,3; -275,3
"20721330 Bygningstaxameter "; 0,0; 0,0; -118,9; -118,9; -118,9; -118,9
"20721335 Overgangsordning vedr. bygningsudgifter AMU "; 0,0; 0,0; -36,3; -36,3; -36,3; -36,3
"207231 Åben uddannelse finansieret af AUF "; 0,0; 0,0; -257,6; -257,6; -257,6; -257,6
"20723110 Taxametertilskud til uddannelse "; 0,0; 0,0; -181,1; -181,1; -181,1; -181,1
"20723120 Fællesudgifter "; 0,0; 0,0; -54,2; -54,2; -54,2; -54,2
"20723130 Bygningstaxameter "; 0,0; 0,0; -22,3; -22,3; -22,3; -22,3
"207241 Træningsskolens arbejdsmarkedsuddannelser "; 0,0; 0,0; 0,8; 0,0; 0,0; 17,6
"20724110 Taxametertilskud til uddannelser "; 0,0; 0,0; 0,5; 0,0; 0,0; 10,1
"20724120 Taxametertilskud til fællesudgifter "; 0,0; 0,0; 0,1; 0,0; 0,0; 2,4
"20724125 Bygningstaxametertilskud "; 0,0; 0,0; 0,2; 0,0; 0,0; 3,4
"20724130 Tillægstaxametertilskud "; 0,0; 0,0; 0,0; 0,0; 0,0; 1,7
"207252 Forsøg med Voksen-TAMU "; 0,0; 0,0; 4,0; 4,0; 4,0; 4,0
"20725210 Drift af uddannelsesinstitution, løn "; 0,0; 0,0; 5,9; 5,9; 5,9; 5,9
"20725220 Drift af uddannelsesinstitution "; 0,0; 0,0; -1,9; -1,9; -1,9; -1,9
"2074 Almen voksenuddannelse "; 0,0; 0,0; -13,6; -10,0; -4,9; -4,8
"207422 Forberedende voksenundervisning, amtslig ref "; 0,0; 0,0; -13,6; -10,0; -4,9; -4,8
"20742210 Almindelig virksomhed "; 0,0; 0,0; -13,6; -10,0; -4,9; -4,8
"2075 Åben uddannelse "; 0,0; 0,0; 9,6; 9,9; 8,4; 9,0
"207501 Åben uddannelse "; 0,0; 0,0; 10,3; 9,9; 8,4; 9,0
"20750110 Taxametertilskud til uddannelser "; 0,0; 0,0; 12,1; 10,3; 10,0; 10,5
"20750120 Bygningstaxametertilskud til selvejende "; 0,0; 0,0; -1,8; -0,5; -1,6; -1,5
"20750130 Bygningstaxameter til uddannelser "; 0,0; 0,0; 0,0; 0,1; 0,0; 0,0
"207503 Åu-aktiviteter omfattet af tilskudsloft "; 0,0; 0,0; -0,7; 0,0; 0,0; 0,0
"20750320 Bygningstaxametertilskud "; 0,0; 0,0; -0,7; 0,0; 0,0; 0,0
"2076 Andre efter- og videreuddannelser "; 0,0; 0,0; -1,3; -1,4; -1,4; -1,3
"207601 Erhvervspædagogiske læreruddannelser "; 0,0; 0,0; -1,3; -1,4; -1,4; -1,3
"20760110 Taxametertilskud til uddannelser "; 0,0; 0,0; -1,1; -1,0; -1,0; -0,9
"20760120 Taxametertilskud til fællesudgifter "; 0,0; 0,0; -0,1; -0,2; -0,2; -0,2
"20760125 Bygningstaxametertilskud "; 0,0; 0,0; -0,1; -0,2; -0,2; -0,2
"2079 Forsøgs- og udviklingsarbejde, folkeoplysning "; 0,0; 0,0; 33,7; 27,8; 31,3; 31,1
"207901 Forsøgs- og udviklingsarbejde m.v. "; 0,0; 0,0; 1,0; -6,3; -2,8; -2,8
"20790110 Udvikling og efteruddannelse m.v. "; 0,0; 0,0; 1,0; -6,3; -2,8; -2,8
"207903 Særlige uddannelsesprog., pulje til forsøg "; 0,0; 0,0; 0,4; 2,1; 2,4; 2,4
"20790330 Netværksinitiativ for læsesvage personer "; 0,0; 0,0; 0,4; 2,1; 2,4; 2,4
"207905 Puljer under AUF "; 0,0; 0,0; 32,3; 32,0; 31,7; 31,5
"20790510 Forsøg og udvikling "; 0,0; 0,0; 0,0; 4,0; 8,7; 13,2
"20790520 Tilskud til efteruddannelsesudvalg "; 0,0; 0,0; 0,0; -4,3; -9,3; -14,0
"20790530 Udvikling af uddannelse og drift af lærerudd."; 0,0; 0,0; -4,0; -4,0; -4,0; -4,0
"20790550 Overgangsordninger vedr. bygningsudgifter AMU"; 0,0; 0,0; 36,3; 36,3; 36,3; 36,3
"208 Tværgående og internationale aktiviteter "; 0,0; 0,0; 17,5; 16,0; 16,0; 13,8
"2082 Informations- og kommunikationsteknologi "; 0,0; 0,0; 14,8; 14,4; 14,1; 13,8
"208202 IT-ydelser til uddannelsessektoren "; 0,0; 0,0; -2,6; -2,2; -2,1; -2,0
"20820210 IT-ydelser til uddannelsessektoren "; 0,0; 0,0; -2,6; -2,2; -2,1; -2,0
"208207 IT-ydelser til uddannelsessektoren "; 0,0; 0,0; 2,6; 2,2; 2,1; 2,0
"20820710 IT-ydelser til uddannelsessektoren "; 0,0; 0,0; 2,6; 2,2; 2,1; 2,0
"208211 UNI-C. Danmarks edb-center for udd. og forsk. "; 0,0; 0,0; 14,8; 14,4; 14,1; 13,8
"20821110 UNI-C, Danmarks IT-Center for Uddannelse "; 0,0; 0,0; 14,8; 14,4; 14,1; 13,8
"2084 International virksomhed "; 0,0; 0,0; 1,4; 2,5; 2,5; 1,4
"208421 Anden international virksomhed "; 0,0; 0,0; 1,1; 2,2; 2,2; 1,1
"20842110 Internationalt samarbejde "; 0,0; 0,0; -1,4; -0,4; -0,3; -0,3
"20842125 Dansk-islandsk samarbejde "; 0,0; 0,0; 2,5; 2,6; 2,5; 1,4
"208431 Europaskolerne "; 0,0; 0,0; 0,3; 0,3; 0,3; 0,3
"20843110 Almindelig virksomhed "; 0,0; 0,0; 0,3; 0,3; 0,3; 0,3
"208451 Center for Information og Rådgivning "; 0,0; 0,0; 0,0; 0,0; 0,0; 0,0
"20845120 Udlæg for tilskud fra EU-programmidler "; 0,0; 0,0; 0,0; 0,0; 0,0; 0,0
"2089 Forsøg og udvikling, internationale aktivitet "; 0,0; 0,0; 1,3; -0,9; -0,6; -1,4
"208901 Forsøgs- og udviklingsarbejde m.v. "; 0,0; 0,0; 1,3; -0,9; -0,6; -1,4
"20890110 Udvikling m.v. "; 0,0; 0,0; 1,3; -0,9; -0,6; -1,4
"209 Støtteordninger m.v. "; 0,0; 0,0; -1006,7; -881,2; -855,6; -742,3
"2091 Statens uddannelsesstøtte "; 0,0; 0,0; 22,8; 150,1; 174,9; 276,6
"209101 Stipendier "; 0,0; 0,0; 111,0; 225,6; 273,6; 283,5
"20910110 Stipendier "; 0,0; 0,0; 111,0; 225,6; 273,6; 283,5
"209111 Lånevirksomhed "; 0,0; 0,0; -58,5; -65,6; -64,5; -73,4
"20911110 Studielån, statslån og FM-gæld "; 0,0; 0,0; -12,0; -9,0; 0,0; 3,0
"20911115 Statslån og studielån, Finansstyrelsen "; 0,0; 0,0; -59,5; -68,6; -67,5; -76,4
"20911120 Genudlån "; 0,0; 0,0; 13,0; 12,0; 3,0; 0,0
"209112 Forrentning af lånevirksomhed "; 0,0; 0,0; -31,9; -12,2; -36,5; 64,2
"20911215 Renter af studielån (adm. af Finansstyrelsen)"; 0,0; 0,0; 49,4; 58,3; 57,2; 66,1
"20911220 Forrentning af genudlån "; 0,0; 0,0; -81,3; -70,5; -93,7; -1,9
"209113 Forrentning af øvrig lånevirksomhed "; 0,0; 0,0; 1,5; 1,5; 1,5; 1,5
"20911315 Renter af statslån (adm. af Finansstyrelsen) "; 0,0; 0,0; 1,5; 1,5; 1,5; 1,5
"209121 Tillæg "; 0,0; 0,0; 0,7; 0,8; 0,8; 0,8
"20912110 Tillæg vedrørende indtægtskontrollen "; 0,0; 0,0; 0,7; 0,8; 0,8; 0,8
"2093 Støtteordninger for voksne "; 0,0; 0,0; -1024,8; -1024,8; -1024,8; -1014,0
"209311 Statens voksenuddannelsesstøtte "; 0,0; 0,0; -70,7; -70,7; -70,7; -70,7
"20931110 Statens voksenuddannelsesstøtte "; 0,0; 0,0; -70,7; -70,7; -70,7; -70,7
"209323 Deltagerstøtte vedrørende TAMU-aktiviteten "; 0,0; 0,0; 0,0; 0,0; 0,0; 10,8
"20932310 Godtgørelse "; 0,0; 0,0; 0,0; 0,0; 0,0; 10,5
"20932320 Befordringstilskud "; 0,0; 0,0; 0,0; 0,0; 0,0; 0,3
"209325 Deltagerstøtte "; 0,0; 0,0; 93,2; 93,2; 93,2; 93,2
"20932510 Godtgørelse vedrørende arbejdsmarkedsuddannel"; 0,0; 0,0; -874,8; -874,8; -874,8; -874,8
"20932515 Godtgørelse vedr. arbejdsmarkedsuddannelser "; 0,0; 0,0; 946,8; 946,8; 946,8; 946,8
"20932520 Godtgørelse vedr. åben uddannelse. AUF "; 0,0; 0,0; -152,0; -152,0; -152,0; -152,0
"20932525 Godtgørelse vedrørende åben uddannelse. REVE "; 0,0; 0,0; 173,7; 173,7; 173,7; 173,7
"20932530 Befordringstilskud "; 0,0; 0,0; -0,2; -0,2; -0,2; -0,2
"20932540 Tilskud til kost og logi "; 0,0; 0,0; -0,3; -0,3; -0,3; -0,3
"209327 Indbetaling fra virksomheder. Deltagerstøtte "; 0,0; 0,0; -1047,3; -1047,3; -1047,3; -1047,3
"20932710 Indtægt fra virksomheder til godtgørelse "; 0,0; 0,0; -1047,3; -1047,3; -1047,3; -1047,3
"2098 Forskellige støtteordninger "; 0,0; 0,0; -4,7; -6,5; -5,7; -4,9
"209811 Tilskud til udvekslingsophold for unge "; 0,0; 0,0; -2,4; -1,6; -0,8; 0,0
"20981110 Udbetaling af stipendier til udvekslingsoph. "; 0,0; 0,0; -2,4; -1,6; -0,8; 0,0
"209841 Bonus til elever over 18 år i lønnet praktik "; 0,0; 0,0; -6,0; -6,0; -6,0; -6,0
"20984110 Bonus til elever i lønnet praktik "; 0,0; 0,0; -6,0; -6,0; -6,0; -6,0
"209851 Statslig elevstøtte til efterskoler "; 0,0; 0,0; 3,7; 1,1; 1,1; 1,1
"20985110 Statslig elevstøtte "; 0,0; 0,0; 0,0; -2,6; -2,6; -2,6
"20985120 Individuel supplerende elevstøtte "; 0,0; 0,0; 3,7; 3,7; 3,7; 3,7
"21 Kulturministeriet "; 0,0; 0,0; 60,9; 238,0; 148,3; 243,6
"211 Fællesudgifter "; 0,0; 0,0; 80,7; 67,6; 68,0; 74,5
"2111 Centralstyrelsen "; 0,0; 0,0; 80,7; 67,6; 68,0; 74,5
"211101 Departementet "; 0,0; 0,0; 2,2; 0,9; 0,1; -1,6
"21110110 Departementet "; 0,0; 0,0; 2,2; 0,9; 0,1; -1,6
"211123 Forskellige tilskud "; 0,0; 0,0; 0,0; 0,0; 0,0; 0,0
"21112320 Det danske Sprog- og Litteraturselskab "; 0,0; 0,0; 0,0; 0,0; 0,0; 0,0
"211132 Kulturel rammebevilling "; 0,0; 0,0; 102,1; 83,0; 83,0; 82,8
"21113210 Musik "; 0,0; 0,0; 24,0; 6,4; 6,4; 6,4
"21113220 Teater "; 0,0; 0,0; 31,4; 30,9; 30,9; 30,9
"21113240 Museer "; 0,0; 0,0; 46,7; 45,7; 45,7; 45,5
"211135 Medie- og Tilskudssekretariatet "; 0,0; 0,0; -3,8; -3,5; -3,5; -3,5
"21113510 Almindelig virksomhed "; 0,0; 0,0; -3,8; -3,5; -3,5; -3,5
"211155 Blade og tidsskrifter "; 0,0; 0,0; -5,1; 0,0; 0,0; 0,0
"21115510 Blade og tidsskrifter "; 0,0; 0,0; -5,1; 0,0; 0,0; 0,0
"211178 Omstillingspulje "; 0,0; 0,0; -5,3; -6,5; -5,1; 0,0
"21117810 Omstillingspulje, løn "; 0,0; 0,0; -1,8; -1,7; -2,0; 0,0
"21117820 Omstillingspulje, øvrig drift "; 0,0; 0,0; -3,5; -4,8; -3,1; 0,0
"211179 Reserver og budgetregulering "; 0,0; 0,0; -9,4; -6,3; -6,5; -3,2
"21117910 Reserve, lønsum "; 0,0; 0,0; -1,9; -2,2; -4,0; 0,0
"21117926 Digitalisering på kulturområdet, løn "; 0,0; 0,0; -0,8; 0,0; 0,0; 0,0
"21117928 Digitalisering på kulturområdet, øvrig drift "; 0,0; 0,0; -0,6; 0,0; 0,0; 0,0
"21117960 Reserve, øvrig drift "; 0,0; 0,0; -6,1; -4,1; -2,5; -3,2
"212 Skabende og udøvende virksomhed "; 0,0; 0,0; -37,0; -16,2; -16,7; -16,7
"2121 Støtte til kunstnere, forfattere m.v. "; 0,0; 0,0; 2,4; 2,3; 2,3; 2,3
"212145 Kunststyrelsen "; 0,0; 0,0; 2,4; 2,3; 2,3; 2,3
"21214510 Almindelig virksomhed "; 0,0; 0,0; 2,4; 2,3; 2,3; 2,3
"2122 Musik "; 0,0; 0,0; -24,0; -6,4; -6,4; -6,4
"212201 Landsdelsorkestre "; 0,0; 0,0; -17,5; 0,0; 0,0; 0,0
"21220130 Aalborg Symfoniorkester "; 0,0; 0,0; -17,5; 0,0; 0,0; 0,0
"212217 Musikskoler "; 0,0; 0,0; -6,5; -6,4; -6,4; -6,4
"21221710 Driftstilskud til musikskoler "; 0,0; 0,0; -6,5; -6,4; -6,4; -6,4
"2123 Teater "; 0,0; 0,0; -15,4; -12,1; -12,6; -12,6
"212301 Det Kongelige Teater og Kapel "; 0,0; 0,0; 0,0; 2,8; 2,3; 2,3
"21230110 Driftsbudget "; 0,0; 0,0; 0,0; 2,8; 2,3; 2,3
"212307 Diverse tilskud til operaformål "; 0,0; 0,0; -0,6; -0,6; -0,6; -0,6
"21230710 Tilskud til Århus Sommeropera "; 0,0; 0,0; -0,6; -0,6; -0,6; -0,6
"212341 Den Jyske Opera og Det Danske Teater "; 0,0; 0,0; 5,7; 5,5; 5,2; 5,1
"21234110 Den Jyske Opera "; 0,0; 0,0; 5,7; 5,5; 5,2; 5,1
"212345 Landsdelsscenerne i Aarhus, Odense og Aalborg "; 0,0; 0,0; 0,4; 0,8; 1,2; 1,5
"21234530 Aalborg Teater "; 0,0; 0,0; 0,4; 0,8; 1,2; 1,5
"212347 Det Storkøbenhavnske Teaterfællesskab "; 0,0; 0,0; 6,0; 6,0; 6,0; 6,0
"21234710 Den Storkbh. Teaters.ordning, drifttilsk. "; 0,0; 0,0; 6,0; 6,0; 6,0; 6,0
"212348 Egnsteatre "; 0,0; 0,0; -10,8; -10,6; -10,6; -10,6
"21234810 Ref. af kommunale og amtsk. driftstilskud "; 0,0; 0,0; -10,8; -10,6; -10,6; -10,6
"212350 Små storbyteatre "; 0,0; 0,0; -10,9; -10,6; -10,6; -10,6
"21235010 Driftstils. t. små storbyteatre i kbh. m.v. "; 0,0; 0,0; -10,9; -10,6; -10,6; -10,6
"212355 Teaterabonnementsordningen "; 0,0; 0,0; -3,9; -3,9; -3,9; -3,9
"21235510 Tils. t. den landsdæk. teaterabb.ordn. "; 0,0; 0,0; -3,9; -3,9; -3,9; -3,9
"212356 Særlige teaterinitiativer "; 0,0; 0,0; 3,9; 3,7; 3,6; 3,4
"21235610 Peter Schaufuss Balletten "; 0,0; 0,0; 3,9; 3,7; 3,6; 3,4
"212357 Børneteater og opsøgende teater "; 0,0; 0,0; -5,2; -5,2; -5,2; -5,2
"21235710 Ref. af kom. og amtskom. udg. t. forest. "; 0,0; 0,0; -5,2; -5,2; -5,2; -5,2
"213 Bevaring og formidling af kulturarven "; 0,0; 0,0; 9,7; 179,8; 90,6; 182,0
"2131 Biblioteker "; 0,0; 0,0; 4,1; 9,6; 25,1; 27,0
"213101 Biblioteksstyrelsen m.v. "; 0,0; 0,0; -0,2; 0,0; 0,0; 0,0
"21310110 Almindelig virksomhed "; 0,0; 0,0; -0,2; 0,0; 0,0; 0,0
"213111 Det Kongelige Bibliotek "; 0,0; 0,0; 3,0; 3,0; 3,5; 0,0
"21311110 Almindelig virksomhed "; 0,0; 0,0; 3,0; 3,0; 3,5; 0,0
"213115 DNLB "; 0,0; 0,0; 0,6; 0,6; 0,6; 0,0
"21311510 Almindelig virksomhed "; 0,0; 0,0; 0,6; 0,6; 0,6; 0,0
"213117 Statsbiblioteket i Århus "; 0,0; 0,0; 0,7; 0,0; 0,0; 0,0
"21311710 Almindelig virksomhed "; 0,0; 0,0; 0,7; 0,0; 0,0; 0,0
"213171 Anlægsprogram, biblioteker "; 0,0; 0,0; 0,0; 6,0; 21,0; 27,0
"21317147 Statsbiblioteket og Erhversarkivet "; 0,0; 0,0; 0,0; 6,0; 21,0; 27,0
"2132 Arkiver m.v. "; 0,0; 0,0; 6,2; 170,2; 66,0; 155,3
"213201 Statens Arkiver "; 0,0; 0,0; 6,2; 20,2; 24,0; 17,3
"21320110 Almindelig virksomhed "; 0,0; 0,0; -5,4; -5,3; -5,3; -5,3
"21320130 Brandsikring af Rigsarkivet i Rigsdagsgården "; 0,0; 0,0; 0,0; 10,0; 0,0; 0,0
"21320140 Nyt Rigsarkiv og Landsarkiv f. Sjælland m.v. "; 0,0; 0,0; 2,8; 8,1; 21,9; 15,2
"21320150 Midlertidige magasiner "; 0,0; 0,0; 8,8; 7,4; 7,4; 7,4
"213273 Rigsarkivet og Landsarkivet for Sjælland "; 0,0; 0,0; 0,0; 150,0; 42,0; 138,0
"21327310 Nyt Rigsarkiv på godsbanegården "; 0,0; 0,0; 0,0; 150,0; 42,0; 138,0
"2133 Museer, fortidsminder, fredede bygninger m.v. "; 0,0; 0,0; -0,6; 0,0; -0,5; -0,3
"213304 Kulturarvsstyrelsen "; 0,0; 0,0; -4,5; -4,4; -4,4; -4,4
"21330410 Almindelig virksomhed "; 0,0; 0,0; -0,2; -0,2; -0,2; -0,2
"21330420 Drift og istandsæt. af fredede o. bevar. byg."; 0,0; 0,0; -5,3; -5,2; -5,2; -5,2
"21330430 Byggesagsadministration "; 0,0; 0,0; 1,0; 1,0; 1,0; 1,0
"213307 Arkæologiske undersøgelser "; 0,0; 0,0; 0,2; 0,2; 0,2; 0,2
"21330710 Almindelig virksomhed "; 0,0; 0,0; 0,2; 0,2; 0,2; 0,2
"213308 Kulturbevaringsplan "; 0,0; 0,0; 40,0; 40,0; 40,0; 40,0
"21330810 Kulturbevaringsplan "; 0,0; 0,0; 40,0; 40,0; 40,0; 40,0
"213309 Istandsættelse, fredede bygninger "; 0,0; 0,0; 5,3; 5,2; 5,2; 5,2
"21330910 Istandsættelse, fredede bygninger "; 0,0; 0,0; 5,3; 5,2; 5,2; 5,2
"213315 Tøjhusmuseet "; 0,0; 0,0; 1,1; 0,7; 0,2; 0,2
"21331510 Almindelig virksomhed "; 0,0; 0,0; 1,1; 0,7; 0,2; 0,2
"21331597 Andre tilskudsfinansierede aktiviteter "; 0,0; 0,0; 0,0; 0,0; 0,0; 0,0
"213325 Ordrupgaardsamlingen "; 0,0; 0,0; 0,0; 0,0; 0,0; 0,0
"21332510 Almindelig virksomhed "; 0,0; 0,0; 0,0; 0,0; 0,0; 0,0
"213331 Tilskud til museer "; 0,0; 0,0; -22,1; -21,7; -21,7; -21,6
"21333110 Museer med almindelig tilskudsordning "; 0,0; 0,0; -22,1; -21,7; -21,7; -21,6
"213333 Tilskud til museer "; 0,0; 0,0; -20,6; -20,0; -20,0; -19,9
"21333320 Museer med særlige tilskudsordninger "; 0,0; 0,0; -20,6; -20,0; -20,0; -19,9
"214 Videregående uddannelse "; 0,0; 0,0; 6,1; 5,6; 5,2; 2,6
"2141 Uddannelsesinstitutioner m.v. "; 0,0; 0,0; 3,2; 2,7; 2,3; 2,3
"214109 Kunstakademiets Billedkunstskoler "; 0,0; 0,0; 0,3; 0,3; 0,3; 0,3
"21410910 Almindelig virksomhed "; 0,0; 0,0; 0,3; 0,3; 0,3; 0,3
"214115 Danmarks Designskole "; 0,0; 0,0; 2,9; 2,4; 2,0; 2,0
"21411510 Almindelig virksomhed "; 0,0; 0,0; 2,9; 2,4; 2,0; 2,0
"2142 Andre uddannelsesaktiviteter "; 0,0; 0,0; 2,9; 2,9; 2,9; 0,3
"214224 Forfatterskolen "; 0,0; 0,0; 2,6; 2,6; 2,6; 2,6
"21422410 Forfatterskolen "; 0,0; 0,0; 2,6; 2,6; 2,6; 2,6
"214240 Diverse tilskud m.v. "; 0,0; 0,0; 0,3; 0,3; 0,3; 0,0
"21424050 Designpraktik "; 0,0; 0,0; 0,3; 0,3; 0,3; 0,0
"214255 Uddannelsespulje "; 0,0; 0,0; 0,0; 0,0; 0,0; -2,3
"21425530 Pulje til forsknings- og uddannelsesformål "; 0,0; 0,0; 0,0; 0,0; 0,0; -1,5
"21425550 Resultatkontraktpulje, øvrig drift "; 0,0; 0,0; 0,0; 0,0; 0,0; -0,8
"218 Radio og tv "; 0,0; 0,0; 1,4; 1,2; 1,2; 1,2
"2181 Radio og tv "; 0,0; 0,0; 1,4; 1,2; 1,2; 1,2
"218121 Mediesekretariatet "; 0,0; 0,0; 1,4; 1,2; 1,2; 1,2
"21812110 Almindelig virksomhed "; 0,0; 0,0; 1,4; 1,2; 1,2; 1,2
"23 Miljøministeriet "; 0,0; 0,0; 124,7; 21,7; 18,7; 14,7
"231 Fællesudgifter "; 0,0; 0,0; -56,8; -55,6; -70,1; -69,6
"2311 Centralstyrelsen "; 0,0; 0,0; -56,8; -55,6; -70,1; -69,6
"231101 Departementet "; 0,0; 0,0; -28,0; -26,8; -26,3; -25,8
"23110110 Almindelig virksomhed "; 0,0; 0,0; -28,0; -26,8; -26,3; -25,8
"231113 Klagesagsgebyrer "; 0,0; 0,0; -0,3; -0,3; -0,3; -0,3
"23111310 Klagesagsgebyr, Naturklagenævnet "; 0,0; 0,0; -0,3; -0,3; -0,3; -0,3
"231179 Reserver og budgetregulering "; 0,0; 0,0; -28,5; -28,5; -43,5; -43,5
"23117910 Tilbageførsel af CO2-afgifter "; 0,0; 0,0; -28,5; -28,5; -43,5; -43,5
"232 Miljøbeskyttelse "; 0,0; 0,0; 144,2; 41,4; 53,5; 49,7
"2321 Fællesudgifter "; 0,0; 0,0; -4,9; -8,3; -8,3; -8,3
"232101 Miljøstyrelsen "; 0,0; 0,0; -4,9; -8,3; -8,3; -8,3
"23210110 Driftsbudget "; 0,0; 0,0; -4,9; -8,3; -8,3; -8,3
"2326 International miljøstøtte "; 0,0; 0,0; 120,6; 21,2; 18,3; 14,5
"232611 Miljøstøtte til Østeuropa "; 0,0; 0,0; 120,6; 21,2; 18,3; 14,5
"23261130 Miljøstøtte til EU's nye naboer "; 0,0; 0,0; 24,1; 21,2; 18,3; 14,5
"23261160 CO2-kreditter i Central- og Østeuropa "; 0,0; 0,0; 96,5; 0,0; 0,0; 0,0
"2327 Øvrige miljøforanstaltninger "; 0,0; 0,0; 28,5; 28,5; 43,5; 43,5
"232706 Virksomhedsordningen "; 0,0; 0,0; 28,5; 28,5; 43,5; 43,5
"23270610 Virksomhedsordningen "; 0,0; 0,0; 28,5; 28,5; 43,5; 43,5
"235 Skov- og Naturforvaltning m.v. "; 0,0; 0,0; 38,8; 37,3; 36,7; 36,0
"2351 Fællesudgifter "; 0,0; 0,0; 38,8; 37,3; 36,7; 36,0
"235101 Skov- og Naturstyrelsen "; 0,0; 0,0; 38,8; 37,3; 36,7; 36,0
"23510110 Driftsbudget "; 0,0; 0,0; 38,8; 37,3; 36,7; 36,0
"239 Kortproduktion "; 0,0; 0,0; -1,5; -1,4; -1,4; -1,4
"2391 Kortproduktion "; 0,0; 0,0; -1,5; -1,4; -1,4; -1,4
"239101 Kort- og Matrikelstyrelsen "; 0,0; 0,0; -1,5; -1,4; -1,4; -1,4
"23910110 Driftsbudget "; 0,0; 0,0; -1,5; -1,4; -1,4; -1,4
"24 Fødevareministeriet "; 0,0; 0,0; 51,4; 57,0; 57,0; 57,0
"242 Generelle jordbrugs- og fiskeriforhold "; 0,0; 0,0; 46,6; 52,2; 52,2; 52,2
"2422 Konsulent- og vikarordninger i jordbruget "; 0,0; 0,0; 26,4; 29,8; 29,8; 29,8
"242215 Vikarordninger inden for jordbruget "; 0,0; 0,0; 26,4; 29,8; 29,8; 29,8
"24221510 Vikarordninger i jordbruget "; 0,0; 0,0; 26,4; 29,8; 29,8; 29,8
"2423 Struktur- og effektivitetsforbedringer "; 0,0; 0,0; 27,2; 27,2; 27,2; 27,2
"242303 Støtte til udvikling af landdistrikterne "; 0,0; 0,0; 27,2; 27,2; 27,2; 27,2
"24230315 Afsætning af jordbrugsprodukter "; 0,0; 0,0; 25,0; 25,0; 25,0; 25,0
"24230350 Lægivende og biotopforbedrende plantninger "; 0,0; 0,0; 2,2; 2,2; 2,2; 2,2
"2424 Driftsstøtte i jordbruget "; 0,0; 0,0; -7,0; -4,8; -4,8; -4,8
"242451 Promilleafgiftsfonde "; 0,0; 0,0; -7,0; -4,8; -4,8; -4,8
"24245116 Promilleafgiftsfonden for landbrug "; 0,0; 0,0; -2,2; 0,0; 0,0; 0,0
"24245119 Reserve til jordbrugsforanstaltninger "; 0,0; 0,0; -4,8; -4,8; -4,8; -4,8
"243 Kontrol, sygdomsbekæmpelse og forskning "; 0,0; 0,0; 4,8; 4,8; 4,8; 4,8
"2431 Planteforhold "; 0,0; 0,0; 0,0; 0,0; 0,0; 0,0
"243111 Plantedirektoratet "; 0,0; 0,0; 0,0; 0,0; 0,0; 0,0
"24311110 Indtægtsdækket kontrolvirksomhed "; 0,0; 0,0; 0,0; 0,0; 0,0; 0,0
"24311120 Øvrig kontrolvirksomhed "; 0,0; 0,0; 0,0; 0,0; 0,0; 0,0
"24311140 Egen opgaveudførelse "; 0,0; 0,0; 0,0; 0,0; 0,0; 0,0
"2432 Husdyrforhold og levnedsmidler "; 0,0; 0,0; 1,0; 1,0; 1,0; 1,0
"243201 Fødevaredirektoratet "; 0,0; 0,0; 0,2; 0,2; 0,2; 0,2
"24320105 Almindelig virksomhed "; 0,0; 0,0; 0,2; 0,2; 0,2; 0,2
"243225 Danmarks Fødevare- og Veterinærforskning "; 0,0; 0,0; 0,8; 0,8; 0,8; 0,8
"24322510 Almindelig virksomhed "; 0,0; 0,0; 0,8; 0,8; 0,8; 0,8
"2433 Forskning inden for fødevare- og jorbrug "; 0,0; 0,0; 3,8; 3,8; 3,8; 3,8
"243302 Tilskud til fødevare- og jordbrugsforskning "; 0,0; 0,0; -1,0; -1,0; -1,0; -1,0
"24330220 Forsk. nat. og int.nat. forsk.aktiviteter m.v"; 0,0; 0,0; -1,0; -1,0; -1,0; -1,0
"243303 Danmarks JordbrugsForskning "; 0,0; 0,0; 4,8; 4,8; 4,8; 4,8
"24330310 Almindelig virksomhed "; 0,0; 0,0; 4,8; 4,8; 4,8; 4,8
"2438 Fiskeriforskning "; 0,0; 0,0; 0,0; 0,0; 0,0; 0,0
"243860 Forskningstilskud vedr. fiskerisektoren "; 0,0; 0,0; 0,0; 0,0; 0,0; 0,0
"24386010 ICES og EUROFISH "; 0,0; 0,0; 0,2; 0,3; 0,3; 0,3
"24386030 Forskn. og udvik. inden f. fisk.sektoren "; 0,0; 0,0; -0,2; -0,3; -0,3; -0,3
"244 Markedsordninger "; 0,0; 0,0; 0,0; 0,0; 0,0; 0,0
"2442 EUs markedsordninger "; 0,0; 0,0; 0,0; 0,0; 0,0; 0,0
"244211 Eksportstøtte "; 0,0; 0,0; 0,0; 0,0; 0,0; 0,0
"24421110 Eksportstøtte, korn "; 0,0; 0,0; 0,0; 0,0; 0,0; 0,0
"24421113 Eksportstøtte, sukker "; 0,0; 0,0; 0,0; 0,0; 0,0; 0,0
"24421130 Eksportstøtte, mejeriprodukter "; 0,0; 0,0; 0,0; 0,0; 0,0; 0,0
"244213 Produktionstilskud og -afgifter "; 0,0; 0,0; 0,0; 0,0; 0,0; 0,0
"24421313 Sukker "; 0,0; 0,0; 0,0; 0,0; 0,0; 0,0
"24421330 Mejeriprodukter "; 0,0; 0,0; 0,0; 0,0; 0,0; 0,0
"24421348 Andre støtteordninger "; 0,0; 0,0; 0,0; 0,0; 0,0; 0,0
"28 Trafikministeriet "; 0,0; 0,0; 73,6; 690,9; 931,7; 934,3
"281 Fællesudgifter "; 0,0; 0,0; 55,2; -386,0; -503,0; -307,0
"2811 Centralstyrelsen "; 0,0; 0,0; 48,5; -388,0; -505,0; -309,0
"281101 Departementet "; 0,0; 0,0; 8,0; -1,0; -1,0; -1,0
"28110165 Analysearbejde vedrørende Femern Bælt "; 0,0; 0,0; 8,0; 0,0; 0,0; 0,0
"28110177 Bidrag til vejmuseum "; 0,0; 0,0; 0,0; -1,0; -1,0; -1,0
"281111 Pulje til sikkerhed og bedre kapacitet "; 0,0; 0,0; 50,0; 50,0; 50,0; 50,0
"28111110 Anlægspulje "; 0,0; 0,0; 40,0; 35,0; 50,0; 50,0
"28111120 Pulje til Offentlig Privat Partnerskab "; 0,0; 0,0; 10,0; 15,0; 0,0; 0,0
"281131 Bladtilskud "; 0,0; 0,0; 30,5; 0,0; 0,0; 0,0
"28113110 Bladtilskud "; 0,0; 0,0; 30,5; 0,0; 0,0; 0,0
"281166 Aktieudbytte m.v. "; 0,0; 0,0; -40,0; -437,0; -554,0; -358,0
"28116660 Udbytte fra DSB og DSB S-tog a/s "; 0,0; 0,0; 0,0; -397,0; -514,0; -318,0
"28116670 Udbytte fra Scandlines AG "; 0,0; 0,0; -40,0; -40,0; -40,0; -40,0
"2812 Tilsyn og kommissioner "; 0,0; 0,0; 6,7; 2,0; 2,0; 2,0
"281209 Dansk Vej- og Bromuseum "; 0,0; 0,0; 0,0; 2,0; 2,0; 2,0
"28120910 Almindelig virksomhed "; 0,0; 0,0; 0,0; 2,0; 2,0; 2,0
"281210 Dansk Vej- og Bromuseum, etablering "; 0,0; 0,0; 6,7; 0,0; 0,0; 0,0
"28121010 Etablering af museum "; 0,0; 0,0; 6,7; 0,0; 0,0; 0,0
"282 Vejtrafik "; 0,0; 0,0; 28,6; 105,0; 272,2; 229,6
"2821 Veje "; 0,0; 0,0; 22,8; 104,0; 269,0; 222,0
"282110 Vejsektoropgaver, styring og samordning "; 0,0; 0,0; 7,0; 12,0; 14,0; 13,0
"28211030 Planlægning af anlægsarbejder "; 0,0; 0,0; 7,0; 12,0; 14,0; 13,0
"28211050 Styring af anlægsarbejder "; 0,0; 0,0; 0,0; 0,0; 0,0; 0,0
"282120 Anlæg af hovedlandeveje m.v. "; 0,0; 0,0; 15,8; 92,0; 255,0; 209,0
"28212010 Anlæg og forbedringer af hovedlandeveje "; 0,0; 0,0; 15,8; 92,0; 255,0; 209,0
"2822 Færdsel "; 0,0; 0,0; 5,8; 1,0; 3,2; 7,6
"282221 Statens Bilinspektion "; 0,0; 0,0; 5,8; 1,0; 3,2; 7,6
"28222110 Almindelig virksomhed "; 0,0; 0,0; 5,8; 1,0; 3,2; 7,6
"283 Luftfart og meteorologi "; 0,0; 0,0; -108,0; 76,2; 8,8; 22,6
"2832 Meteorologi "; 0,0; 0,0; -8,0; 0,0; 0,0; 0,0
"283201 Danmarks Meteorologiske Institut "; 0,0; 0,0; -8,0; 0,0; 0,0; 0,0
"28320110 Almindelig virksomhed "; 0,0; 0,0; -8,0; 0,0; 0,0; 0,0
"2833 Flyvesikringstjeneste "; 0,0; 0,0; -100,0; 76,2; 8,8; 22,6
"283301 Lufttrafiktjeneste Danmark "; 0,0; 0,0; 0,0; 14,1; -11,2; 22,6
"28330110 Lufttrafiktjeneste Danmark "; 0,0; 0,0; 0,0; 14,1; -11,2; 22,6
"283302 Invest. vedr. lufttrafiktjeneste Danmark m.v. "; 0,0; 0,0; -100,0; 62,1; 20,0; 0,0
"28330210 Byggeri og anlægsproduktion "; 0,0; 0,0; -100,0; 62,1; 20,0; 0,0
"284 Kyster, havne og færgetrafik "; 0,0; 0,0; 91,3; 0,0; 0,0; 0,0
"2842 Kystbeskyttelse og havne "; 0,0; 0,0; -6,7; 0,0; 0,0; 0,0
"284203 Kystbeskyttelse, havne m.v. "; 0,0; 0,0; -6,7; 0,0; 0,0; 0,0
"28420310 Rådighedspulje "; 0,0; 0,0; -6,7; 0,0; 0,0; 0,0
"2843 Færgetrafik "; 0,0; 0,0; 98,0; 0,0; 0,0; 0,0
"284301 BornholmsTrafikken "; 0,0; 0,0; 98,0; 0,0; 0,0; 0,0
"28430110 Driftsbudget "; 0,0; 0,0; 109,8; 0,0; 0,0; 0,0
"28430120 Færgernes restaurationer "; 0,0; 0,0; -11,8; 0,0; 0,0; 0,0
"286 Banetrafik "; 0,0; 0,0; 6,5; 895,7; 1153,7; 989,1
"2861 Jernbanetrafik "; 0,0; 0,0; -321,9; -278,7; -131,1; -327,8
"286101 Jernbanetrafik, betaling offentlig service "; 0,0; 0,0; -307,0; -263,8; -114,4; -311,1
"28610110 Betaling til DSB, jf. forhandlet kontrakt "; 0,0; 0,0; -274,0; -216,7; -76,7; -236,2
"28610120 Bet. t. DSB S-tog a/s, jf. forh. kontrakt "; 0,0; 0,0; -33,0; -47,1; -37,7; -74,9
"286103 Arriva "; 0,0; 0,0; -14,9; -14,9; -16,7; -16,7
"28610310 Fast vederlag til Arriva "; 0,0; 0,0; -14,9; -14,9; -16,7; -16,7
"2862 Trafikstyrelse "; 0,0; 0,0; 15,0; 23,0; 21,5; 0,0
"286201 Trafikstyrelsen for Jernbane og Færger "; 0,0; 0,0; 15,0; 23,0; 21,5; 0,0
"28620110 Almindelig virksomhed "; 0,0; 0,0; 0,0; -5,0; -6,0; 0,0
"28620120 Forberedelse af anlægsprojekter "; 0,0; 0,0; 15,0; 28,0; 27,5; 0,0
"2863 Banestyrelsen "; 0,0; 0,0; 313,4; 1151,4; 1263,3; 1316,9
"286301 Banestyrelsen "; 0,0; 0,0; 0,0; 168,2; 152,0; 153,2
"28630110 Driftsbudget, egentlig drift "; 0,0; 0,0; 0,0; 168,2; 152,0; 153,2
"286302 Banestyrelsen "; 0,0; 0,0; 0,0; 168,6; 288,0; 254,0
"28630270 Anlægs- og udlånsbevillinger "; 0,0; 0,0; 0,0; 153,6; 238,0; 254,0
"28630277 Århus havnebane "; 0,0; 0,0; 0,0; 15,0; 50,0; 0,0
"286305 Banestyr. - forny. og vedl.hold. af jernb.net "; 0,0; 0,0; 0,0; 892,6; 922,0; 995,5
"28630510 Driftsbudget, egentlig drift "; 0,0; 0,0; 0,0; 892,6; 922,0; 995,5
"286306 Baneafgifter m.v. "; 0,0; 0,0; 313,4; 295,3; 266,6; 270,1
"28630610 Baneafgifter "; 0,0; 0,0; 313,4; 295,3; 266,6; 270,1
"28630620 kilometerafgift mv. "; 0,0; 0,0; 0,0; 0,0; 0,0; 0,0
"286307 Res. t. genopretn. af inf.struk. på jernb.omr "; 0,0; 0,0; 0,0; -367,7; -367,7; -358,3
"28630710 Reserve og budgetregulering "; 0,0; 0,0; 0,0; -367,7; -367,7; -358,3
"286321 Banestyrelsens Entreprenørvirksomhed "; 0,0; 0,0; 0,0; -5,6; 2,4; 2,4
"28632110 Driftsbudget, egentlig drift "; 0,0; 0,0; 0,0; -5,6; 2,4; 2,4
"34 Arbejdsmarkedsfond "; 0,0; 0,0; 1017,7; 1015,7; 1004,7; 1011,7
"341 Arbejdsmarkedsfond "; 0,0; 0,0; 1017,7; 1015,7; 1004,7; 1011,7
"3411 Arbejdsmarkedsfond "; 0,0; 0,0; 1017,7; 1015,7; 1004,7; 1011,7
"341101 Arbejdsmarkedsfond "; 0,0; 0,0; 1017,7; 1015,7; 1004,7; 1011,7
"34110110 Arbejdsmarkedsbidrag etc. "; 0,0; 0,0; 850,0; 850,0; 850,0; 850,0
"34110111 Afskrivninger, arbejdsmarkedsbidrag "; 0,0; 0,0; 25,0; 25,0; 25,0; 25,0
"34110130 Medlemsbidrag fra arbejdsløshedskasser "; 0,0; 0,0; -10,0; -12,0; -23,0; -16,0
"34110150 Bidrag fra forsikrede mindre arbejdsgivere "; 0,0; 0,0; 116,7; 116,7; 116,7; 116,7
"34110170 Tilbageføring af grønne afgifter "; 0,0; 0,0; 36,0; 36,0; 36,0; 36,0
"35 Generelle reserver "; 0,0; 0,0; -4092,5; -3427,5; -3517,5; -3582,5
"351 Reserver mv. "; 0,0; 0,0; -4092,5; -3427,5; -3517,5; -3582,5
"3511 Reserver mv. "; 0,0; 0,0; -4092,5; -3427,5; -3517,5; -3582,5
"351101 Merudgifter ved nye bevillingsforslag "; 0,0; 0,0; -375,0; -200,0; -200,0; -200,0
"35110110 Merudgifter ved nye bevillingsforslag "; 0,0; 0,0; -375,0; -200,0; -200,0; -200,0
"351102 Reserve til forskning og svage grupper "; 0,0; 0,0; -50,0; -50,0; -50,0; 0,0
"35110220 Merudgifter til indsats for svage grupper "; 0,0; 0,0; -50,0; -50,0; -50,0; 0,0
"351104 Satsreguleringspulje "; 0,0; 0,0; -272,5; -257,5; -257,5; -257,5
"35110410 Satsreguleringspulje "; 0,0; 0,0; -494,8; -447,2; -594,2; -444,2
"35110420 Forslag til udmøntning "; 0,0; 0,0; 222,3; 189,7; 336,7; 186,7
"351118 Reserve til færgebetjening af Bornholm mv. "; 0,0; 0,0; -70,0; 0,0; 0,0; 0,0
"35111810 Reserve til færgebetjening af Bornholm mv. "; 0,0; 0,0; -70,0; 0,0; 0,0; 0,0
"351119 Social- og sundhedspulje "; 0,0; 0,0; -500,0; -430,0; -430,0; -430,0
"35111910 Rammebeløb til social- og sundhedsområdet "; 0,0; 0,0; -500,0; -430,0; -430,0; -430,0
"351120 Puljer til nye initiativer "; 0,0; 0,0; -775,0; -1175,0; -1275,0; -1400,0
"35112010 Pulje til nye initiativer på justitsområdet "; 0,0; 0,0; -550,0; -550,0; -550,0; -550,0
"35112020 Pulje til øvrige nye initiativer "; 0,0; 0,0; -225,0; -225,0; -225,0; -250,0
"35112030 Budgetregulering "; 0,0; 0,0; 0,0; -400,0; -500,0; -600,0
"351121 International reserve "; 0,0; 0,0; -25,0; 0,0; 0,0; 0,0
"35112110 International reserve "; 0,0; 0,0; -25,0; 0,0; 0,0; 0,0
"351122 Fleksible mekanismer "; 0,0; 0,0; -200,0; 0,0; 0,0; 0,0
"35112210 Fleksible mekanismer "; 0,0; 0,0; -200,0; 0,0; 0,0; 0,0
"351123 Bistand til EU's nye naboer i Østersøregionen "; 0,0; 0,0; -75,0; -65,0; -55,0; -45,0
"35112310 Bistand til EU's nye naboer i Østersøregionen"; 0,0; 0,0; -75,0; -65,0; -55,0; -45,0
"351124 Ændret ledighedsskøn mv. "; 0,0; 0,0; -1250,0; -1250,0; -1250,0; -1250,0
"35112410 Ændret ledighedsskøn mv. "; 0,0; 0,0; -1250,0; -1250,0; -1250,0; -1250,0
"351126 Reserve til anlægsinvesteringer "; 0,0; 0,0; -500,0; 0,0; 0,0; 0,0
"35112610 Reserve til anlægsinvesteringer "; 0,0; 0,0; -500,0; 0,0; 0,0; 0,0
"37 Renter "; 0,0; 0,0; -1264,8; 0,0; 0,0; 0,0
"371 Renter af statsgæld "; 0,0; 0,0; -1358,7; 0,0; 0,0; 0,0
"3711 Indenlandsk statsgæld "; 0,0; 0,0; -1117,2; 0,0; 0,0; 0,0
"371101 Renter "; 0,0; 0,0; -1336,0; 0,0; 0,0; 0,0
"37110110 Betalte renter "; 0,0; 0,0; -1145,4; 0,0; 0,0; 0,0
"37110120 Periodiserede renter "; 0,0; 0,0; -190,6; 0,0; 0,0; 0,0
"371111 Fordelte emissionskurstab "; 0,0; 0,0; 218,8; 0,0; 0,0; 0,0
"37111120 Fordelte emissionskurstab, langfristet gæld "; 0,0; 0,0; 148,1; 0,0; 0,0; 0,0
"37111130 Fordelte emissionskurstab, skatkammerbeviser "; 0,0; 0,0; 70,7; 0,0; 0,0; 0,0
"3712 Udenlandsk statsgæld "; 0,0; 0,0; -241,5; 0,0; 0,0; 0,0
"371201 Renter "; 0,0; 0,0; -231,7; 0,0; 0,0; 0,0
"37120110 Betalte renter "; 0,0; 0,0; -156,6; 0,0; 0,0; 0,0
"37120120 Skyldige renter "; 0,0; 0,0; -75,1; 0,0; 0,0; 0,0
"371213 Realiserede valutakursreg. på udl. statsgæld "; 0,0; 0,0; -9,8; 0,0; 0,0; 0,0
"37121310 Realiserede valutakursreguleringer "; 0,0; 0,0; -9,8; 0,0; 0,0; 0,0
"372 Mellemværende med National-, Hypotekbanken mv "; 0,0; 0,0; 311,3; 0,0; 0,0; 0,0
"3721 Mellemværende med Danmarks Nationalbank "; 0,0; 0,0; 311,3; 0,0; 0,0; 0,0
"372101 Renter, Nationalbanken "; 0,0; 0,0; 213,0; 0,0; 0,0; 0,0
"37210110 Renter af statens mellemværende med DN "; 0,0; 0,0; 213,0; 0,0; 0,0; 0,0
"372102 Overskud fra Danmarks Nationalbank "; 0,0; 0,0; 98,3; 0,0; 0,0; 0,0
"37210210 Overskud fra Danmarks Nationalbank "; 0,0; 0,0; 100,0; 0,0; 0,0; 0,0
"37210220 Grønlands del af overskuddet "; 0,0; 0,0; -1,0; 0,0; 0,0; 0,0
"37210230 Færøernes del af overskuddet "; 0,0; 0,0; -0,7; 0,0; 0,0; 0,0
"375 Den sociale pensionsfond "; 0,0; 0,0; -383,3; 0,0; 0,0; 0,0
"3751 Den sociale pensionsfond "; 0,0; 0,0; -383,3; 0,0; 0,0; 0,0
"375101 Driftsbudget "; 0,0; 0,0; -383,3; 0,0; 0,0; 0,0
"37510130 Pensionsafkastbeskatning "; 0,0; 0,0; -100,4; 0,0; 0,0; 0,0
"37510140 Modtagne renter "; 0,0; 0,0; 136,1; 0,0; 0,0; 0,0
"37510150 Tilgodehavende renter "; 0,0; 0,0; 21,0; 0,0; 0,0; 0,0
"37510160 Fordelte opkøbskurstab "; 0,0; 0,0; -440,0; 0,0; 0,0; 0,0
"376 Renter til genudlån mv. "; 0,0; 0,0; 165,9; 0,0; 0,0; 0,0
"3761 Renter af genudlån mv. "; 0,0; 0,0; 160,0; 0,0; 0,0; 0,0
"376101 Renter af indenlandske genudlån "; 0,0; 0,0; 160,0; 0,0; 0,0; 0,0
"37610145 Genudlån til Ørestadsselskabet "; 0,0; 0,0; 27,0; 0,0; 0,0; 0,0
"37610170 Genudlån til A/S Storebælt "; 0,0; 0,0; 97,0; 0,0; 0,0; 0,0
"37610180 Genudlån til Øresundsforbindelsen A/S "; 0,0; 0,0; 36,0; 0,0; 0,0; 0,0
"3762 Provision af lån med statsgaranti "; 0,0; 0,0; 5,9; 0,0; 0,0; 0,0
"376201 Garantiprovision af udlån med statsgaranti "; 0,0; 0,0; 5,9; 0,0; 0,0; 0,0
"37620120 Garantiprovision fra genudlån af statslån "; 0,0; 0,0; 5,9; 0,0; 0,0; 0,0
"38 Skatter og afgifter "; 0,0; 0,0; -1634,0; 0,0; 0,0; 0,0
"381 Skatter på indkomst og formue "; 0,0; 0,0; -1883,0; 0,0; 0,0; 0,0
"3811 Personskatter "; 0,0; 0,0; 1436,0; 0,0; 0,0; 0,0
"381101 Personskatter "; 0,0; 0,0; 1536,0; 0,0; 0,0; 0,0
"38110110 Indkomstskat m.v. af personer "; 0,0; 0,0; 2100,0; 0,0; 0,0; 0,0
"38110120 Afregning af indkomstskat af personer "; 0,0; 0,0; -701,0; 0,0; 0,0; 0,0
"38110122 Afregning til kommuner af ejendomsværdiskat "; 0,0; 0,0; 137,0; 0,0; 0,0; 0,0
"381111 Afgift af dødsboer og gaver "; 0,0; 0,0; -100,0; 0,0; 0,0; 0,0
"38111110 Afgift af dødsboer og gaver, LB 752 2001 "; 0,0; 0,0; -100,0; 0,0; 0,0; 0,0
"3812 Børnefamilieydelse "; 0,0; 0,0; -95,0; 0,0; 0,0; 0,0
"381201 Børnefamilieydelse "; 0,0; 0,0; -95,0; 0,0; 0,0; 0,0
"38120110 Børnefamilieydelse, LB 846 2000 "; 0,0; 0,0; -95,0; 0,0; 0,0; 0,0
"3813 Selskabsskatter m.v. "; 0,0; 0,0; -1524,0; 0,0; 0,0; 0,0
"381301 Indkomstskat af selskaber "; 0,0; 0,0; -925,0; 0,0; 0,0; 0,0
"38130110 Indkomstskat af selskaber "; 0,0; 0,0; -900,0; 0,0; 0,0; 0,0
"38130111 Afskrivning, selskabsskat "; 0,0; 0,0; -50,0; 0,0; 0,0; 0,0
"38130125 Afgift af hensættelser, pengeinstitutter "; 0,0; 0,0; 25,0; 0,0; 0,0; 0,0
"381303 Skat af fonde,visse foreninger og institutter "; 0,0; 0,0; 101,0; 0,0; 0,0; 0,0
"38130310 Skat af fonde m.v. "; 0,0; 0,0; 101,0; 0,0; 0,0; 0,0
"381311 Kulbrinteskat "; 0,0; 0,0; -700,0; 0,0; 0,0; 0,0
"38131110 Skatter i henhold til kulbrinteskatteloven "; 0,0; 0,0; -700,0; 0,0; 0,0; 0,0
"3814 Pensionsafkastskat "; 0,0; 0,0; -1000,0; 0,0; 0,0; 0,0
"381401 Pensionsafkastskat "; 0,0; 0,0; -1000,0; 0,0; 0,0; 0,0
"38140110 Pensionsafkastskat, LB 666 2002 "; 0,0; 0,0; -1000,0; 0,0; 0,0; 0,0
"3816 Tinglysningsafgift m.v. "; 0,0; 0,0; -700,0; 0,0; 0,0; 0,0
"381601 Tinglysningsafgift m.v. "; 0,0; 0,0; -700,0; 0,0; 0,0; 0,0
"38160110 Tinglysningsafgift m.v. "; 0,0; 0,0; -700,0; 0,0; 0,0; 0,0
"382 Told- og forbrugsafgifter "; 0,0; 0,0; 465,0; 0,0; 0,0; 0,0
"3821 Merværdiafgift "; 0,0; 0,0; 1235,0; 0,0; 0,0; 0,0
"382101 Merværdiafgift "; 0,0; 0,0; 1235,0; 0,0; 0,0; 0,0
"38210110 Merværdiafgift "; 0,0; 0,0; 1050,0; 0,0; 0,0; 0,0
"38210111 Afskrivning, moms "; 0,0; 0,0; 185,0; 0,0; 0,0; 0,0
"3822 Energiafgifter m.v. "; 0,0; 0,0; -425,0; 0,0; 0,0; 0,0
"382201 Afgifter på el, gas og kul "; 0,0; 0,0; -225,0; 0,0; 0,0; 0,0
"38220110 Afgift af stenkul, brunkul og koks m.v. "; 0,0; 0,0; -300,0; 0,0; 0,0; 0,0
"38220120 Afgift af elektricitet "; 0,0; 0,0; 75,0; 0,0; 0,0; 0,0
"382203 Afgifter på olieprodukter "; 0,0; 0,0; -25,0; 0,0; 0,0; 0,0
"38220310 Afgift af visse olieprodukter "; 0,0; 0,0; -25,0; 0,0; 0,0; 0,0
"382205 Benzinafgifter "; 0,0; 0,0; -175,0; 0,0; 0,0; 0,0
"38220510 Afgift af benzin "; 0,0; 0,0; -175,0; 0,0; 0,0; 0,0
"3823 Afgifter vedr. motorkøretøjer "; 0,0; 0,0; -330,0; 0,0; 0,0; 0,0
"382301 Vægtafgift "; 0,0; 0,0; -50,0; 0,0; 0,0; 0,0
"38230110 Vægtafgift af motorkøretøjer m.v. "; 0,0; 0,0; -50,0; 0,0; 0,0; 0,0
"382303 Registreringsafgift "; 0,0; 0,0; -300,0; 0,0; 0,0; 0,0
"38230310 Registreringsafgift af motorkøretøjer m.v. "; 0,0; 0,0; -300,0; 0,0; 0,0; 0,0
"382305 Ansvarsforsikring "; 0,0; 0,0; 20,0; 0,0; 0,0; 0,0
"38230510 Afgift af ansvarsforsikringer "; 0,0; 0,0; 20,0; 0,0; 0,0; 0,0
"3824 Miljøafgifter "; 0,0; 0,0; 160,0; 0,0; 0,0; 0,0
"382401 Miljøafgifter "; 0,0; 0,0; 160,0; 0,0; 0,0; 0,0
"38240110 Kuldioxidafgift af visse energi produkter "; 0,0; 0,0; -125,0; 0,0; 0,0; 0,0
"38240115 Afgift af svovl "; 0,0; 0,0; -40,0; 0,0; 0,0; 0,0
"38240130 Emballageafgift "; 0,0; 0,0; 125,0; 0,0; 0,0; 0,0
"38240150 Afgift af affald "; 0,0; 0,0; 130,0; 0,0; 0,0; 0,0
"38240165 Afgift af spildevand "; 0,0; 0,0; 60,0; 0,0; 0,0; 0,0
"38240175 Afgift af nikkel/cadmium batterier "; 0,0; 0,0; 5,0; 0,0; 0,0; 0,0
"38240177 Afgift af pvc og af phathalater "; 0,0; 0,0; 5,0; 0,0; 0,0; 0,0
"3827 Afgifter på spil m.v. "; 0,0; 0,0; -105,0; 0,0; 0,0; 0,0
"382701 Afgifter på spil "; 0,0; 0,0; -105,0; 0,0; 0,0; 0,0
"38270120 Afgift af gevinster ved lotterispil m.v. "; 0,0; 0,0; -60,0; 0,0; 0,0; 0,0
"38270130 Afgift af tipning, LB 287 2002 "; 0,0; 0,0; 60,0; 0,0; 0,0; 0,0
"38270140 Kasinoafgift "; 0,0; 0,0; 10,0; 0,0; 0,0; 0,0
"38270150 Afgift af spilleautomater "; 0,0; 0,0; -115,0; 0,0; 0,0; 0,0
"3828 Øvrige punktafgifter "; 0,0; 0,0; -70,0; 0,0; 0,0; 0,0
"382801 Afgift på øl, vin og spiritus "; 0,0; 0,0; 5,0; 0,0; 0,0; 0,0
"38280110 Afgift af spiritus "; 0,0; 0,0; 80,0; 0,0; 0,0; 0,0
"38280130 Afgift af øl "; 0,0; 0,0; -75,0; 0,0; 0,0; 0,0
"382805 Afgift, chokolade, konsumis, mineralvand m.v. "; 0,0; 0,0; -75,0; 0,0; 0,0; 0,0
"38280510 Afgift af chokolade m.v. "; 0,0; 0,0; -45,0; 0,0; 0,0; 0,0
"38280520 Afgift af konsumis "; 0,0; 0,0; -5,0; 0,0; 0,0; 0,0
"38280540 Afgift af mineralvand m.v. "; 0,0; 0,0; -25,0; 0,0; 0,0; 0,0
"384 Arbejdsmarkedsbidrag "; 0,0; 0,0; 175,0; 0,0; 0,0; 0,0
"3841 Arbejdsmarkedsbidrag "; 0,0; 0,0; 175,0; 0,0; 0,0; 0,0
"384102 Lønsumsafgift "; 0,0; 0,0; 175,0; 0,0; 0,0; 0,0
"38410210 Lønsumsafgift "; 0,0; 0,0; 175,0; 0,0; 0,0; 0,0
"385 EF-ordninger "; 0,0; 0,0; -350,0; 0,0; 0,0; 0,0
"3851 EF-ordninger "; 0,0; 0,0; -350,0; 0,0; 0,0; 0,0
"385111 Bidrag til EF "; 0,0; 0,0; -350,0; 0,0; 0,0; 0,0
"38511120 Bidrag til EF for BNI "; 0,0; 0,0; -350,0; 0,0; 0,0; 0,0
"386 Renteindtægter m.v. "; 0,0; 0,0; -5,0; 0,0; 0,0; 0,0
"3861 Renteindtægter m.v. "; 0,0; 0,0; -5,0; 0,0; 0,0; 0,0
"386101 Renteindtægter m.v. "; 0,0; 0,0; -5,0; 0,0; 0,0; 0,0
"38610120 Rentegodtgørelse til personer m.v. "; 0,0; 0,0; 60,0; 0,0; 0,0; 0,0
"38610121 Forrentning ved forh. af skatteansættelser "; 0,0; 0,0; -15,0; 0,0; 0,0; 0,0
"38610131 Forrentning ved forh. af selskabsansættelser "; 0,0; 0,0; -50,0; 0,0; 0,0; 0,0
"388 Overførsel til andre paragraffer "; 0,0; 0,0; -36,0; 0,0; 0,0; 0,0
"3881 Overførsel til andre paragraffer "; 0,0; 0,0; -36,0; 0,0; 0,0; 0,0
"388103 Overførsel til Arbejdsmarkedsfonden "; 0,0; 0,0; -36,0; 0,0; 0,0; 0,0
"38810340 Tilbagef. af grønne afg. via am.bidr. til §34"; 0,0; 0,0; -36,0; 0,0; 0,0; 0,0
"40 Genudlån m.v. "; 0,0; 0,0; -2500,0; 0,0; 0,0; 0,0
"402 Genudlån af statslån "; 0,0; 0,0; -2500,0; 0,0; 0,0; 0,0
"4021 Genudlån af statslån "; 0,0; 0,0; -2500,0; 0,0; 0,0; 0,0
"402152 Genudlån til A/S Storebælt "; 0,0; 0,0; -1500,0; 0,0; 0,0; 0,0
"40215210 Genudlån til A/S Storebælt "; 0,0; 0,0; -1500,0; 0,0; 0,0; 0,0
"402153 Genudlån til Øresundsforbindelsen A/S "; 0,0; 0,0; -1000,0; 0,0; 0,0; 0,0
"40215310 Genudlån til Øresundsforbindelsen A/S "; 0,0; 0,0; -1000,0; 0,0; 0,0; 0,0
"41 Beholdningsbevægelser m.v. "; 0,0; 0,0; -422,7; 0,0; 0,0; 0,0
"411 Nedskrivning af emissionskurstab "; 0,0; 0,0; 26,0; 0,0; 0,0; 0,0
"4111 Nedskrivning af emissionskurstab "; 0,0; 0,0; -218,7; 0,0; 0,0; 0,0
"411101 Fordelte emissionskurstab "; 0,0; 0,0; -218,7; 0,0; 0,0; 0,0
"41110110 Indenlandsk statsgæld "; 0,0; 0,0; -218,7; 0,0; 0,0; 0,0
"4112 Periodiserede renter "; 0,0; 0,0; 244,7; 0,0; 0,0; 0,0
"411201 Periodiserede renter "; 0,0; 0,0; 244,7; 0,0; 0,0; 0,0
"41120110 Indenlandsk statsgæld "; 0,0; 0,0; 190,6; 0,0; 0,0; 0,0
"41120120 Udenlandsk statsgæld "; 0,0; 0,0; 75,1; 0,0; 0,0; 0,0
"41120150 Den Sociale Pensionsfond "; 0,0; 0,0; -21,0; 0,0; 0,0; 0,0
"412 Beholdningsbevægelser "; 0,0; 0,0; -458,5; 0,0; 0,0; 0,0
"4121 Statens beholdningsbevægelser "; 0,0; 0,0; -458,5; 0,0; 0,0; 0,0
"412101 Statens almindelige beholdningsbevægelser "; 0,0; 0,0; -458,5; 0,0; 0,0; 0,0
"41210130 Hensæt. vedr afgivne tilsagn "; 0,0; 0,0; -458,5; 0,0; 0,0; 0,0
"413 Valutakursreguleringer "; 0,0; 0,0; 9,8; 0,0; 0,0; 0,0
"4131 Val.kursreg. på udl. statsgæld "; 0,0; 0,0; 9,8; 0,0; 0,0; 0,0
"413101 Realiserede val.kursreg. på udl. statsgæld "; 0,0; 0,0; 9,8; 0,0; 0,0; 0,0
"41310110 Realiserede valutakursreguleringer "; 0,0; 0,0; 9,8; 0,0; 0,0; 0,0
"42 Afdrag på statsgælden (netto) "; 0,0; 0,0; 7620,6; 0,0; 0,0; 0,0
"421 Statens nettolånoptagelse "; 0,0; 0,0; 7620,6; 0,0; 0,0; 0,0
"4211 Indenlandsk statsgæld "; 0,0; 0,0; 11542,6; 0,0; 0,0; 0,0
"421101 Indenlandsk statsgæld "; 0,0; 0,0; 11542,6; 0,0; 0,0; 0,0
"42110110 Statsobligationer "; 0,0; 0,0; -932,5; 0,0; 0,0; 0,0
"42110120 Statsgældsbeviser "; 0,0; 0,0; 9432,7; 0,0; 0,0; 0,0
"42110130 Kortfristede statslån "; 0,0; 0,0; -77,1; 0,0; 0,0; 0,0
"42110150 Emissionskurstab "; 0,0; 0,0; 2225,1; 0,0; 0,0; 0,0
"42110160 Den Sociale Pensionsfond "; 0,0; 0,0; -66,6; 0,0; 0,0; 0,0
"42110170 Ikke fordelt låntagning "; 0,0; 0,0; 961,0; 0,0; 0,0; 0,0
"4212 Udenlandsk statsgæld "; 0,0; 0,0; 0,0; 0,0; 0,0; 0,0
"421201 Udenlandsk statsgæld "; 0,0; 0,0; 0,0; 0,0; 0,0; 0,0
"42120110 Langfristet gæld "; 0,0; 0,0; 0,0; 0,0; 0,0; 0,0
"4213 Træk på Danmarks Nationalbank "; 0,0; 0,0; -3922,0; 0,0; 0,0; 0,0
"421301 Træk på Danmarks Nationalbank "; 0,0; 0,0; -3922,0; 0,0; 0,0; 0,0
"42130120 Løbende konti (+ = nettotræk) "; 0,0; 0,0; -3922,0; 0,0; 0,0; 0,0
